,Player,CurrentSalary,UpcomingSalary,Age,Tm,G,MP,3PA,3P%,TRB,BLK,STL,AST,TOV,PTS,PER,TS%,OWS,DWS,WS,OBPM,DBPM,BPM,VORP
0,Stephen Curry,40231758,43006362,31,GSW,5,27.8,9.8,0.245,5.2,0.4,1.0,6.6,3.2,20.8,21.7,0.557,0.2,0.1,0.3,4.5,-0.6,3.9,0.2
1,Chris Paul,38506482,41358814,34,OKC,63,31.8,4.4,0.36200000000000004,4.9,0.1,1.6,6.8,2.2,17.7,21.7,0.609,5.5,2.5,8.1,3.1,1.2,4.3,3.2
2,Russell Westbrook,38178000,41006000,31,HOU,53,35.9,3.8,0.254,8.0,0.3,1.7,7.0,4.5,27.5,21.5,0.539,2.1,2.3,4.3,1.9,-0.1,1.8,1.8
3,James Harden,37800000,40824000,30,HOU,61,36.7,12.6,0.35200000000000004,6.4,0.9,1.7,7.4,4.5,34.4,28.4,0.616,8.7,2.7,11.5,7.9,1.2,9.0,6.3
4,LeBron James,37436858,39219565,35,LAL,60,34.9,6.4,0.349,7.9,0.5,1.2,10.6,4.0,25.7,26.0,0.5820000000000001,6.1,3.4,9.5,6.8,1.9,8.7,5.7
5,Blake Griffin,34234964,36595996,30,DET,18,28.4,6.2,0.243,4.7,0.4,0.4,3.3,2.2,15.5,11.9,0.47600000000000003,-0.4,0.2,-0.1,-1.7,-2.6,-4.2,-0.3
6,Kyle Lowry,33296296,30000000,33,TOR,52,36.6,8.3,0.354,4.8,0.4,1.3,7.7,3.0,19.7,17.9,0.589,4.1,2.8,6.9,2.5,0.7,3.2,2.5
7,Paul George,33005556,35450412,29,LAC,42,29.1,7.9,0.39899999999999997,5.7,0.5,1.3,3.9,2.7,21.0,20.5,0.5820000000000001,1.9,2.0,3.9,3.4,1.1,4.5,2.0
8,Jimmy Butler,32742000,34379100,30,MIA,54,34.3,2.2,0.248,6.6,0.5,1.7,6.1,2.2,20.2,23.4,0.583,6.0,2.5,8.5,4.0,1.3,5.2,3.4
9,Kemba Walker,32742000,34379100,29,BOS,50,31.8,8.8,0.377,4.1,0.5,0.9,4.9,2.1,21.2,20.2,0.569,3.5,1.9,5.4,5.0,-0.2,4.7,2.7
10,Kawhi Leonard,32742000,34379100,28,LAC,51,32.2,5.7,0.366,7.3,0.6,1.8,5.0,2.7,26.9,26.7,0.585,4.6,3.0,7.6,6.5,2.5,9.0,4.6
11,Gordon Hayward,32700690,34187085,29,BOS,45,33.4,4.2,0.392,6.5,0.4,0.8,4.1,1.8,17.3,18.2,0.593,3.1,1.9,5.0,2.6,0.3,2.9,1.8
12,Mike Conley,32511623,34504132,32,UTA,41,28.6,5.2,0.376,3.2,0.1,0.8,4.3,1.9,13.8,13.7,0.527,1.0,1.0,2.1,0.4,-0.4,0.0,0.6
13,Kyrie Irving,31742000,33329100,27,BRK,20,32.9,7.1,0.39399999999999996,5.2,0.5,1.4,6.4,2.6,27.4,26.3,0.595,2.1,0.8,3.0,6.6,1.0,7.6,1.6
14,Tobias Harris,31034483,33517241,27,PHI,65,34.5,5.0,0.36200000000000004,6.8,0.5,0.8,3.2,1.5,19.4,16.8,0.557,3.0,2.6,5.6,1.0,-0.4,0.6,1.5
15,Khris Middleton,30603448,33051724,28,MIL,55,30.1,5.8,0.418,6.2,0.1,0.9,4.1,2.1,21.1,21.4,0.619,4.3,3.1,7.4,3.4,0.9,4.4,2.7
16,Paul Millsap,30500000,0,34,DEN,44,24.4,2.5,0.44,5.9,0.6,0.9,1.6,1.4,12.0,17.7,0.598,2.0,1.4,3.4,0.6,0.0,0.6,0.7
17,Damian Lillard,29802321,31626953,29,POR,58,36.9,9.9,0.39399999999999996,4.3,0.4,1.0,7.8,2.9,28.9,26.2,0.619,8.9,0.7,9.6,7.9,-0.7,7.2,5.0
18,Kevin Love,28900000,31300000,31,CLE,56,31.8,7.0,0.374,9.8,0.3,0.6,3.2,2.5,17.6,17.9,0.599,2.5,1.2,3.8,2.6,-0.6,2.1,1.8
19,Nikola VuÃ„ÂeviÃ„â€¡,28000000,26000000,29,ORL,54,32.6,4.6,0.32899999999999996,11.0,0.9,0.9,3.7,1.4,19.5,21.6,0.54,2.9,2.6,5.5,3.4,0.6,4.0,2.7
20,Al Horford,28000000,27500000,33,PHI,60,30.8,4.4,0.337,6.9,0.9,0.9,4.1,1.1,12.0,15.6,0.526,2.5,2.5,5.0,1.1,1.1,2.2,2.0
21,DeMar DeRozan,27739975,27739975,30,SAS,61,34.3,0.5,0.267,5.6,0.2,1.0,5.6,2.4,22.2,21.3,0.597,5.1,1.1,6.2,2.1,-0.5,1.6,1.9
22,CJ McCollum,27556959,29354152,28,POR,62,36.0,7.4,0.38,4.1,0.6,0.7,4.3,1.9,22.5,17.4,0.5429999999999999,3.1,0.6,3.7,2.5,-1.7,0.9,1.6
23,Joel Embiid,27504630,29542010,25,PHI,44,30.2,3.7,0.348,11.8,1.3,0.9,3.1,3.1,23.4,26.0,0.593,3.2,2.4,5.6,4.1,1.2,5.2,2.4
24,Andrew Wiggins,27504630,29542010,24,TOT,54,34.4,6.2,0.332,5.1,1.0,0.8,3.7,2.4,21.8,16.4,0.536,0.9,1.1,1.9,1.1,-1.5,-0.3,0.8
25,Kristaps PorziÃ…â€ Ã„Â£is,27285000,29467800,24,DAL,51,31.3,7.1,0.349,9.5,2.1,0.7,1.7,1.6,19.2,19.3,0.54,1.7,2.6,4.3,1.2,0.3,1.5,1.4
26,D'Angelo Russell,27285000,28649250,23,TOT,45,32.3,9.6,0.36700000000000005,3.9,0.3,1.1,6.3,3.3,23.1,18.7,0.556,1.1,0.7,1.8,3.8,-1.9,1.9,1.4
27,Otto Porter,27250576,28489239,26,CHI,14,23.6,4.4,0.387,3.4,0.4,1.1,1.8,0.8,11.9,15.8,0.55,0.4,0.4,0.8,0.9,0.2,1.0,0.3
28,Devin Booker,27250000,29430000,23,PHO,62,36.1,5.6,0.36,4.2,0.3,0.7,6.6,3.9,26.1,19.8,0.617,4.8,1.2,6.0,3.1,-1.4,1.7,2.1
29,Karl-Anthony Towns,27250000,29430000,24,MIN,35,33.9,7.9,0.41200000000000003,10.8,1.2,0.9,4.4,3.1,26.5,26.5,0.642,3.8,1.3,5.1,7.0,0.8,7.8,2.9
30,Bradley Beal,27093019,28751775,26,WAS,57,36.0,8.4,0.353,4.2,0.4,1.2,6.1,3.4,30.5,23.1,0.579,4.6,0.5,5.1,5.3,-2.4,2.9,2.5
31,Anthony Davis,27093019,28751775,26,LAL,55,34.3,3.5,0.335,9.4,2.4,1.5,3.1,2.5,26.7,28.2,0.614,6.2,4.1,10.3,5.8,2.8,8.5,5.0
32,Andre Drummond,27093019,28751775,26,TOT,57,33.0,0.6,0.14300000000000002,15.2,1.6,1.9,2.7,3.6,17.7,22.0,0.5529999999999999,0.7,3.6,4.3,-0.1,1.1,1.0,1.4
33,Hassan Whiteside,27093018,0,30,POR,61,31.3,0.1,0.5710000000000001,14.2,3.1,0.4,1.2,1.9,16.3,25.0,0.6409999999999999,5.1,3.0,8.1,2.5,0.7,3.2,2.5
34,Nikola JokiÃ„â€¡,26573595,28542009,24,DEN,65,32.3,3.5,0.314,10.2,0.7,1.2,6.9,3.1,20.2,25.0,0.604,6.0,3.2,9.2,5.4,2.3,7.6,5.1
35,Jrue Holiday,26131111,26131111,29,NOP,55,34.9,5.9,0.35700000000000004,4.9,0.8,1.7,6.9,2.9,19.6,17.5,0.535,2.1,1.8,4.0,1.9,0.3,2.3,2.1
36,LaMarcus Aldridge,26000000,24000000,34,SAS,53,33.1,3.0,0.389,7.4,1.6,0.7,2.4,1.4,18.9,19.8,0.5710000000000001,3.1,1.4,4.4,1.8,-0.5,1.3,1.5
37,Steven Adams,25842697,27528090,26,OKC,58,27.0,0.1,0.33299999999999996,9.4,1.1,0.9,2.4,1.5,10.9,20.8,0.605,3.7,2.5,6.2,2.1,1.1,3.2,2.0
38,Giannis Antetokounmpo,25842697,27528090,25,MIL,57,30.9,4.8,0.306,13.7,1.0,1.0,5.8,3.7,29.6,31.6,0.608,5.6,4.8,10.4,7.4,4.1,11.5,6.0
39,Marc Gasol,25595700,0,35,TOR,36,27.5,3.5,0.402,6.3,0.9,0.8,3.4,1.2,7.6,11.9,0.546,0.9,1.8,2.7,-0.9,2.7,1.8,0.9
40,Nicolas Batum,25565217,27130434,31,CHO,22,23.0,2.2,0.28600000000000003,4.5,0.4,0.8,3.0,1.0,3.6,9.2,0.46299999999999997,0.2,0.4,0.6,-2.7,0.9,-1.9,0.0
41,Chandler Parsons,25102511,0,31,ATL,5,10.8,2.8,0.28600000000000003,1.4,0.2,0.8,0.6,0.6,2.8,5.6,0.389,-0.1,0.0,-0.1,-4.7,-1.3,-6.0,-0.1
42,Rudy Gobert,25008427,26525281,27,UTA,62,34.5,0.0,0.0,13.7,2.0,0.8,1.5,1.9,15.1,21.7,0.7,6.0,4.0,10.0,1.8,1.9,3.7,3.1
43,Harrison Barnes,24147727,22215909,27,SAC,64,34.9,3.8,0.38299999999999995,4.8,0.2,0.6,2.4,1.3,14.7,13.3,0.575,3.1,1.1,4.2,0.0,-1.2,-1.2,0.5
44,Serge Ibaka,23271604,0,30,TOR,50,27.5,3.3,0.39799999999999996,8.3,0.8,0.5,1.5,2.0,16.0,18.0,0.593,1.5,2.4,3.9,0.5,-0.1,0.4,0.9
45,Danilo Gallinari,22615559,0,31,OKC,55,30.7,7.3,0.409,5.5,0.1,0.7,2.1,1.3,19.2,19.4,0.611,4.1,1.6,5.7,4.1,-0.9,3.2,2.2
46,Victor Oladipo,21000000,21000000,27,IND,13,25.9,5.3,0.304,3.2,0.2,0.8,3.0,2.2,13.8,12.0,0.5,-0.3,0.4,0.1,-1.7,-1.3,-3.0,-0.1
47,Malcolm Brogdon,20000000,20700000,27,IND,48,30.7,4.1,0.313,4.7,0.2,0.7,7.1,2.4,16.3,17.8,0.537,2.0,1.4,3.5,2.2,-0.5,1.7,1.4
48,Terry Rozier,19894737,18900000,25,CHO,63,34.3,6.7,0.40700000000000003,4.4,0.2,1.0,4.1,2.2,18.0,14.9,0.5529999999999999,1.9,1.1,3.0,0.8,-1.3,-0.4,0.8
49,Aaron Gordon,19863636,18136364,24,ORL,58,33.0,3.9,0.301,7.6,0.6,0.9,3.7,1.6,14.4,14.8,0.511,1.2,2.2,3.3,-0.3,0.1,-0.3,0.8
50,Zach LaVine,19500000,19500000,24,CHI,60,34.8,8.1,0.38,4.8,0.5,1.5,4.2,3.4,25.5,19.5,0.568,1.8,2.2,4.0,3.3,-0.8,2.5,2.4
51,Kent Bazemore,19269662,0,30,TOT,64,25.1,3.6,0.342,4.3,0.6,1.1,1.3,1.3,8.7,9.2,0.5,-0.8,1.5,0.7,-3.4,0.4,-3.0,-0.4
52,Tyler Johnson,19245370,0,27,PHO,31,16.6,2.7,0.289,1.7,0.3,0.4,1.6,0.8,5.7,8.1,0.48100000000000004,-0.2,0.3,0.1,-3.0,-0.7,-3.7,-0.2
53,Goran DragiÃ„â€¡,19217900,0,33,MIA,54,28.4,5.8,0.377,3.1,0.1,0.6,5.1,2.5,16.1,15.9,0.5710000000000001,2.0,1.1,3.0,1.4,-1.9,-0.5,0.6
54,Jeff Teague,19000000,0,31,TOT,59,24.8,2.0,0.368,2.4,0.3,0.7,5.2,2.0,10.9,14.6,0.557,1.9,0.6,2.5,-0.2,-1.3,-1.5,0.2
55,Evan Turner,18606557,0,31,ATL,19,13.2,0.3,0.0,2.0,0.4,0.5,2.0,1.4,3.3,6.8,0.424,-0.5,0.1,-0.3,-4.9,-0.7,-5.6,-0.2
56,Draymond Green,18539130,22246956,29,GSW,43,28.4,3.0,0.27899999999999997,6.2,0.8,1.4,6.2,2.3,8.0,12.6,0.489,-0.2,1.3,1.1,-2.0,1.9,-0.2,0.6
57,Tristan Thompson,18539130,0,28,CLE,57,30.2,0.4,0.391,10.1,0.9,0.6,2.1,1.8,12.0,16.8,0.54,2.0,1.1,3.1,-0.2,-1.3,-1.5,0.2
58,Myles Turner,18000000,18000000,23,IND,55,29.6,4.2,0.336,6.5,2.2,0.8,1.1,1.2,11.8,14.7,0.561,1.0,2.8,3.7,-0.9,1.1,0.2,0.9
59,Julius Randle,18000000,18900000,25,NYK,64,32.5,3.6,0.27699999999999997,9.7,0.3,0.8,3.1,3.0,19.5,17.5,0.5379999999999999,1.0,1.7,2.7,0.7,-1.0,-0.3,0.9
60,Gary Harris,17839286,19160714,25,DEN,56,31.8,3.8,0.33299999999999996,2.9,0.3,1.4,2.1,1.1,10.4,9.7,0.519,0.5,1.7,2.2,-2.8,0.4,-2.4,-0.2
61,Allen Crabbe,17818456,0,27,TOT,37,17.6,3.2,0.303,2.1,0.1,0.4,0.9,0.5,4.6,6.0,0.47,-0.2,0.1,-0.1,-3.7,-1.5,-5.3,-0.5
62,Derrick Favors,17650000,0,28,NOP,45,24.2,0.2,0.14300000000000002,9.9,1.0,0.6,1.7,1.1,9.2,19.0,0.624,2.4,1.4,3.8,0.8,0.4,1.2,0.9
63,Reggie Jackson,17286956,0,29,TOT,23,24.2,4.9,0.39799999999999996,2.9,0.2,0.4,4.4,1.7,12.8,15.0,0.5329999999999999,0.6,0.3,0.9,1.8,-1.3,0.5,0.4
64,Andre Iguodala,17185185,15000000,36,MIA,14,18.5,1.7,0.375,3.8,1.1,0.6,2.0,1.2,4.4,11.0,0.5589999999999999,0.0,0.4,0.4,-2.5,1.9,-0.7,0.1
65,Bojan BogdanoviÃ„â€¡,17000000,17850000,30,UTA,63,33.1,7.3,0.414,4.1,0.1,0.5,2.1,2.5,20.2,15.7,0.603,2.7,1.6,4.3,1.6,-1.5,0.2,1.1
66,Evan Fournier,17000000,17000000,27,ORL,61,31.7,6.7,0.406,2.6,0.2,1.1,3.2,2.0,18.8,16.7,0.599,2.7,1.7,4.4,1.5,-0.3,1.2,1.6
67,Bismack Biyombo,17000000,0,27,CHO,53,19.4,0.0,0.0,5.8,0.9,0.2,0.9,0.9,7.4,16.1,0.57,1.5,0.9,2.4,-1.8,-0.7,-2.5,-0.1
68,Clint Capela,16456522,17500000,25,HOU,39,32.8,0.0,0.0,13.8,1.8,0.8,1.2,1.6,13.9,20.7,0.626,2.9,2.1,5.0,1.1,0.4,1.5,1.1
69,Gorgui Dieng,16229213,17287640,30,TOT,58,17.4,2.4,0.359,5.8,1.0,0.8,1.2,0.9,7.4,17.4,0.564,1.1,1.6,2.7,0.0,1.8,1.8,0.9
70,Ricky Rubio,16190476,17000000,29,PHO,57,31.6,3.3,0.35100000000000003,4.6,0.2,1.5,8.9,2.7,13.1,16.3,0.531,2.4,1.7,4.1,0.5,0.2,0.7,1.2
71,Jonas ValanÃ„ÂiÃ…Â«nas,16000000,15000000,27,MEM,62,26.3,1.3,0.36700000000000005,11.2,1.1,0.4,1.8,1.7,14.9,22.3,0.631,3.8,2.4,6.2,2.2,0.0,2.3,1.8
72,Brandon Knight,15643750,0,28,TOT,25,18.5,5.2,0.344,1.6,0.1,0.4,2.8,1.5,7.3,8.5,0.503,-0.2,0.1,-0.1,-1.8,-2.7,-4.4,-0.3
73,Eric Bledsoe,15625000,16875000,30,MIL,56,27.2,3.6,0.348,4.6,0.4,0.9,5.4,2.5,15.4,18.1,0.579,2.4,2.9,5.3,1.1,1.1,2.2,1.6
74,Dennis SchrÃƒÂ¶der,15500000,15500000,26,OKC,63,31.0,5.1,0.381,3.7,0.2,0.7,4.1,2.5,19.0,16.8,0.573,1.9,1.6,3.5,1.1,-1.2,-0.1,1.0
75,Ian Mahinmi,15450051,0,33,WAS,38,21.3,0.7,0.192,5.7,1.2,0.8,1.3,1.2,7.4,14.1,0.545,0.7,0.7,1.4,-2.7,0.0,-2.7,-0.2
76,James Johnson,15349400,16047100,32,TOT,32,19.3,2.8,0.363,3.7,1.0,0.8,2.3,1.5,8.4,14.8,0.5720000000000001,0.4,0.8,1.2,-1.1,1.1,0.0,0.3
77,Marvin Williams,15006250,0,33,TOT,52,19.4,2.8,0.361,2.8,0.5,0.7,1.1,0.5,6.1,11.4,0.585,1.0,1.0,2.1,-1.7,1.0,-0.7,0.3
78,Bobby Portis,15000000,15750000,24,NYK,66,21.1,2.8,0.358,5.1,0.3,0.5,1.5,1.1,10.1,14.6,0.53,0.9,1.0,1.9,0.1,-1.1,-1.0,0.3
79,Marcus Morris,15000000,0,30,TOT,55,31.4,5.9,0.41,5.1,0.5,0.8,1.4,1.6,17.4,14.8,0.5670000000000001,2.0,1.2,3.2,0.9,-0.8,0.1,0.9
80,Danny Green,14634146,15365854,32,LAL,61,25.1,4.9,0.37799999999999995,3.4,0.5,1.2,1.4,0.9,8.2,11.1,0.564,1.1,2.4,3.4,-0.8,1.7,0.9,1.1
81,Cody Zeller,14471910,15415730,27,CHO,58,23.1,1.3,0.24,7.1,0.4,0.7,1.5,1.3,11.1,18.8,0.5760000000000001,2.4,1.2,3.6,0.2,-0.8,-0.6,0.5
82,Eric Gordon,14057730,16869276,31,HOU,34,28.6,8.5,0.319,1.9,0.4,0.6,1.5,1.1,14.5,10.5,0.511,0.2,0.5,0.7,-1.6,-2.0,-3.6,-0.4
83,Mason Plumlee,14041096,0,29,DEN,53,17.0,0.1,0.0,5.3,0.6,0.5,2.4,1.4,7.2,19.1,0.615,1.7,1.3,3.0,0.2,2.0,2.2,1.0
84,Rudy Gay,14000000,14000000,33,SAS,60,21.5,3.1,0.314,5.4,0.5,0.4,1.7,1.3,10.0,14.4,0.545,0.6,0.9,1.5,-0.5,-1.0,-1.5,0.2
85,J.J. Redick,13486300,13013700,35,NOP,54,26.4,6.4,0.452,2.6,0.2,0.4,2.0,1.2,14.9,15.1,0.639,3.2,0.6,3.7,2.0,-1.6,0.4,0.9
86,Jordan Clarkson,13437500,0,27,TOT,63,24.2,5.6,0.368,2.7,0.2,0.7,2.0,1.3,15.1,17.9,0.583,2.6,0.9,3.5,2.7,-1.1,1.6,1.4
87,Dewayne Dedmon,13333334,13333333,30,TOT,44,17.6,2.4,0.20600000000000002,5.7,0.9,0.6,0.5,1.3,5.8,9.4,0.473,-1.0,1.1,0.1,-5.8,0.0,-5.8,-0.7
88,Solomon Hill,13258781,0,28,TOT,54,18.4,2.9,0.37799999999999995,2.9,0.2,0.7,1.8,0.9,5.4,9.8,0.542,0.4,0.9,1.3,-1.9,0.2,-1.6,0.1
89,Justise Winslow,13000000,13000000,23,MIA,11,32.0,2.5,0.222,6.6,0.5,0.6,4.0,2.2,11.3,8.6,0.44,-0.4,0.4,0.0,-3.5,-0.1,-3.5,-0.1
90,Michael Kidd-Gilchrist,13000000,0,26,TOT,21,11.0,1.0,0.25,2.6,0.2,0.1,0.6,0.6,2.5,4.2,0.401,-0.3,0.2,-0.2,-6.6,-0.9,-7.5,-0.3
91,Will Barton,12960000,13920000,29,DEN,58,33.0,5.0,0.375,6.3,0.5,1.1,3.7,1.5,15.1,15.7,0.5489999999999999,2.4,2.1,4.5,1.2,-0.1,1.2,1.5
92,Thaddeus Young,12900000,13545000,31,CHI,64,24.9,3.5,0.35600000000000004,4.9,0.4,1.4,1.8,1.6,10.3,13.3,0.521,-0.2,2.1,1.9,-1.4,0.2,-1.1,0.4
93,Courtney Lee,12759670,0,34,DAL,24,14.4,2.0,0.447,1.3,0.3,0.8,0.5,0.5,4.5,10.9,0.629,0.3,0.4,0.7,-2.1,1.6,-0.5,0.1
94,Marcus Smart,12553471,13446428,25,BOS,53,32.5,6.9,0.348,3.8,0.5,1.6,4.8,1.7,13.5,14.0,0.519,1.7,2.4,4.1,0.2,1.3,1.6,1.5
95,Terrence Ross,12500000,13500000,28,ORL,63,27.3,7.2,0.35700000000000004,3.2,0.3,1.1,1.2,1.0,14.8,14.2,0.5479999999999999,1.0,1.8,2.9,0.0,-0.3,-0.4,0.7
96,Patty Mills,12428571,13285714,31,SAS,63,22.7,6.2,0.38,1.6,0.1,0.8,1.8,0.8,11.7,14.7,0.589,2.1,0.5,2.6,1.1,-1.2,-0.1,0.7
97,Patrick Beverley,12345679,13333333,31,LAC,48,27.1,4.1,0.379,5.4,0.5,1.1,3.7,1.3,7.9,12.3,0.5539999999999999,1.4,2.0,3.4,-0.5,2.6,2.1,1.3
98,Trevor Ariza,12200000,12800000,34,TOT,53,28.2,3.9,0.37200000000000005,4.6,0.3,1.3,1.7,1.1,8.0,11.0,0.593,1.3,1.3,2.6,-1.5,0.9,-0.5,0.6
99,Dion Waiters,12100000,12650000,28,MIA,3,14.0,5.7,0.47100000000000003,3.7,0.7,0.0,1.0,1.0,9.3,13.5,0.53,-0.1,0.1,0.0,2.4,-0.6,1.8,0.0
100,Brook Lopez,12093024,12697675,31,MIL,61,26.6,4.7,0.29600000000000004,4.5,2.4,0.7,1.6,1.0,11.0,14.0,0.537,0.8,3.9,4.6,-1.1,2.8,1.8,1.5
101,Cory Joseph,12000000,12600000,28,SAC,64,24.0,2.1,0.35100000000000003,2.5,0.3,0.7,3.4,1.0,6.3,10.3,0.513,1.1,1.0,2.2,-2.1,0.3,-1.8,0.1
102,Joe Ingles,11954546,10863637,32,UTA,64,29.9,4.8,0.397,4.0,0.1,0.9,5.2,1.9,9.8,12.5,0.588,2.4,2.0,4.3,0.0,0.7,0.7,1.3
103,Kelly Olynyk,11667885,12198243,28,MIA,59,18.5,3.1,0.43200000000000005,4.4,0.3,0.6,1.6,1.1,7.7,14.7,0.64,1.7,1.5,3.2,0.1,1.0,1.1,0.8
104,Maurice Harkless,11511234,0,26,TOT,62,23.0,1.6,0.34700000000000003,3.9,0.5,0.9,1.1,0.9,5.8,9.7,0.5720000000000001,0.8,1.9,2.7,-2.6,1.9,-0.8,0.5
105,Tony Snell,11392857,12178571,28,DET,59,27.8,4.3,0.402,1.9,0.3,0.5,2.2,0.5,8.0,9.7,0.598,2.1,0.5,2.6,-1.1,-0.6,-1.8,0.1
106,Robert Covington,11301219,12138345,29,TOT,62,30.1,6.8,0.349,6.4,1.3,1.5,1.2,1.5,12.8,13.6,0.5710000000000001,0.9,2.4,3.3,-1.0,1.1,0.1,1.0
107,Meyers Leonard,11286515,0,27,MIA,49,20.1,2.4,0.429,5.1,0.3,0.3,1.1,0.7,6.1,11.1,0.64,1.0,1.1,2.1,-1.0,0.4,-0.6,0.3
108,T.J. Warren,10810000,11750000,26,IND,61,32.5,3.0,0.375,4.0,0.4,1.1,1.4,1.3,18.7,17.2,0.599,3.1,2.2,5.3,0.4,-0.2,0.2,1.1
109,Spencer Dinwiddie,10600000,11400000,26,BRK,64,31.2,6.3,0.308,3.5,0.3,0.6,6.8,2.7,20.6,17.9,0.541,3.4,1.7,5.1,2.6,-0.8,1.7,1.9
110,Jeremy Lamb,10500000,10500000,27,IND,46,28.1,3.4,0.335,4.3,0.5,1.2,2.1,1.1,12.5,14.1,0.547,0.9,1.8,2.7,-1.1,0.7,-0.4,0.5
111,Dwight Powell,10259375,10185185,28,DAL,40,26.5,1.0,0.256,5.7,0.6,0.9,1.5,0.9,9.4,16.0,0.677,2.6,1.1,3.7,0.4,1.0,1.4,0.9
112,Norman Powell,10116576,10865952,26,TOR,44,28.8,5.4,0.39799999999999996,3.7,0.4,1.3,1.8,1.5,16.4,17.4,0.629,2.2,1.9,4.2,1.4,0.9,2.3,1.4
113,Josh Richardson,10100000,10800000,26,PHI,48,30.7,4.5,0.327,3.4,0.7,0.9,3.1,1.9,13.8,12.1,0.526,0.3,1.6,1.9,-1.5,-0.2,-1.7,0.1
114,TomÃƒÂ¡Ã…Â¡ SatoranskÃƒÂ½,10000000,10000000,28,CHI,65,28.9,3.1,0.322,3.9,0.1,1.2,5.4,2.0,9.9,13.5,0.5329999999999999,1.8,1.7,3.5,-1.0,-0.2,-1.2,0.4
115,DeAndre Jordan,9881598,10375678,31,BRK,56,22.0,0.0,0.0,10.0,0.9,0.3,1.9,1.3,8.3,20.0,0.682,3.0,2.3,5.3,1.1,1.8,2.8,1.5
116,Taj Gibson,9800000,10290000,34,NYK,62,16.5,0.2,0.28600000000000003,4.3,0.5,0.4,0.8,0.8,6.1,16.1,0.61,1.8,0.8,2.6,-0.7,-0.4,-1.1,0.2
117,Zion Williamson,9757440,10245480,19,NOP,19,29.7,0.7,0.462,6.8,0.5,0.8,2.2,2.7,23.6,24.2,0.624,1.3,0.4,1.8,3.5,-1.1,2.4,0.6
118,Markelle Fultz,9745200,12288697,21,ORL,64,28.3,1.8,0.254,3.3,0.2,1.3,5.2,2.0,12.1,14.4,0.523,0.8,1.9,2.7,-1.9,0.2,-1.7,0.1
119,John Henson,9732396,0,29,TOT,40,15.0,0.9,0.222,4.1,1.1,0.6,1.4,0.9,5.5,17.0,0.578,0.6,0.8,1.4,-1.1,2.1,1.0,0.5
120,Matthew Dellavedova,9607500,0,29,CLE,57,14.4,1.6,0.231,1.3,0.0,0.4,3.2,1.0,3.1,8.1,0.46299999999999997,0.1,0.1,0.2,-3.6,-1.6,-5.2,-0.7
121,Dante Exum,9600000,9600000,24,TOT,35,13.9,1.2,0.349,1.9,0.2,0.4,1.1,0.9,4.5,10.4,0.5760000000000001,0.2,0.2,0.4,-2.5,-0.4,-2.9,-0.1
122,Deandre Ayton,9562920,10018200,21,PHO,30,33.2,0.1,0.0,12.0,1.7,0.7,1.9,2.4,19.0,20.4,0.5710000000000001,1.1,1.3,2.4,0.8,-0.4,0.5,0.6
123,Delon Wright,9473684,9000000,27,DAL,65,21.7,1.8,0.385,4.0,0.3,1.2,3.4,1.0,7.3,16.1,0.563,2.6,1.8,4.3,0.4,2.0,2.4,1.6
124,Jerami Grant,9346153,9346153,25,DEN,64,26.2,3.4,0.4,3.5,0.8,0.7,1.2,0.9,11.6,14.2,0.585,2.4,1.7,4.0,-0.1,-0.4,-0.4,0.7
125,Al-Farouq Aminu,9258000,9720900,29,ORL,18,21.1,2.0,0.25,4.8,0.4,1.0,1.2,0.9,4.3,7.6,0.395,-0.4,0.5,0.1,-4.5,1.4,-3.1,-0.1
126,George Hill,9133907,9590602,33,MIL,52,21.2,2.9,0.48,3.0,0.1,0.8,2.9,0.9,9.6,17.5,0.6679999999999999,3.2,1.9,5.1,1.8,1.4,3.2,1.5
127,Kyle Anderson,9073050,9505100,26,MEM,59,19.3,1.1,0.258,4.4,0.5,0.8,2.2,0.9,5.7,13.0,0.542,0.9,1.4,2.2,-1.3,1.9,0.6,0.7
128,Fred VanVleet,9000000,0,25,TOR,48,35.8,7.0,0.38799999999999996,3.8,0.3,1.9,6.6,2.3,17.6,16.0,0.546,2.2,2.7,4.9,1.0,1.3,2.3,1.8
129,Ja Morant,8730240,9166800,20,MEM,59,30.0,2.4,0.36700000000000005,3.5,0.3,0.9,6.9,3.2,17.6,18.0,0.568,2.2,1.2,3.4,1.6,-1.3,0.4,1.1
130,C.J. Miles,8730158,0,32,WAS,10,16.1,3.5,0.314,1.2,0.4,1.0,1.2,0.4,6.4,11.0,0.47200000000000003,0.0,0.1,0.1,-1.8,0.0,-1.9,0.0
131,Lonzo Ball,8719320,11003782,22,NOP,56,32.4,6.5,0.38299999999999995,6.2,0.5,1.4,7.0,3.1,12.4,13.7,0.529,0.7,1.9,2.6,0.4,0.6,1.0,1.3
132,E'Twaun Moore,8664928,0,30,NOP,51,18.8,3.1,0.375,2.4,0.2,0.5,1.4,0.7,8.6,11.1,0.509,0.2,0.6,0.8,-2.0,-1.0,-2.9,-0.2
133,Bogdan BogdanoviÃ„â€¡,8529386,0,27,SAC,53,28.5,7.2,0.361,3.2,0.3,1.0,3.2,1.7,14.5,14.3,0.56,1.2,1.1,2.4,0.7,-0.3,0.4,0.9
134,Tyus Jones,8408000,7965100,23,MEM,65,19.0,1.9,0.379,1.6,0.1,0.9,4.4,0.8,7.4,15.7,0.532,2.0,1.0,3.0,0.4,0.1,0.6,0.8
135,P.J. Tucker,8349039,7969537,34,HOU,64,34.4,4.0,0.37,6.9,0.5,1.1,1.6,1.0,7.1,8.7,0.58,1.8,2.2,3.9,-2.2,0.6,-1.6,0.2
136,Cristiano FelÃƒÂ­cio,8156500,7529020,27,CHI,22,17.5,0.1,0.0,4.6,0.1,0.5,0.7,0.8,3.9,12.8,0.6709999999999999,0.7,0.3,1.0,-1.4,-1.6,-3.0,-0.1
137,Ben Simmons,8113930,29250000,23,PHI,54,35.7,0.1,0.33299999999999996,7.8,0.6,2.1,8.2,3.6,16.7,20.8,0.608,3.8,3.2,7.0,1.4,2.4,3.9,2.9
138,Kentavious Caldwell-Pope,8089282,8493746,26,LAL,63,25.4,3.5,0.39399999999999996,2.1,0.2,0.8,1.7,0.9,9.5,11.6,0.5920000000000001,2.0,1.8,3.8,-0.8,0.5,-0.3,0.7
139,Maxi Kleber,8000000,8250000,28,DAL,66,25.7,4.3,0.374,5.4,1.2,0.3,1.2,0.7,9.2,13.8,0.603,2.9,1.7,4.6,0.5,0.2,0.6,1.1
140,Lou Williams,8000000,8000000,33,LAC,60,29.3,4.9,0.363,3.1,0.2,0.7,5.7,2.9,18.7,17.2,0.546,2.2,1.7,3.9,2.1,-1.4,0.8,1.2
141,Elfrid Payton,8000000,8000000,25,NYK,45,27.7,1.5,0.203,4.7,0.4,1.6,7.2,2.1,10.0,16.0,0.47,0.5,1.2,1.7,-0.3,0.3,0.0,0.6
142,Thomas Bryant,7936508,8333333,22,WAS,38,23.7,1.4,0.40700000000000003,6.8,0.9,0.4,1.9,1.3,12.1,20.0,0.659,2.4,0.5,2.9,2.1,-1.2,0.9,0.7
143,RJ Barrett,7839960,8231760,19,NYK,56,30.4,3.5,0.32,5.0,0.3,1.0,2.6,2.2,14.3,10.7,0.479,-1.6,1.1,-0.5,-2.8,-1.5,-4.3,-1.0
144,Jayson Tatum,7830000,9897120,21,BOS,59,34.6,7.1,0.39799999999999996,7.1,0.9,1.4,2.9,2.2,23.6,20.3,0.562,2.9,3.4,6.2,3.3,0.6,3.9,3.0
145,Jae Crowder,7815533,0,29,TOT,58,29.2,6.1,0.318,6.1,0.4,1.2,2.6,1.1,10.4,12.1,0.532,1.2,2.0,3.2,-0.9,0.3,-0.6,0.6
146,Wayne Ellington,7804878,8195122,32,NYK,36,15.5,4.0,0.35,1.8,0.1,0.4,1.2,0.5,5.1,8.5,0.509,0.2,0.2,0.4,-1.9,-1.0,-2.8,-0.1
147,Luka DonÃ„ÂiÃ„â€¡,7683360,8049360,20,DAL,54,33.3,9.1,0.318,9.3,0.2,1.1,8.7,4.2,28.7,27.7,0.584,5.8,2.3,8.1,7.3,1.1,8.4,4.7
148,Joe Harris,7670000,0,28,BRK,63,30.9,5.9,0.41200000000000003,4.3,0.3,0.6,2.1,1.5,13.9,12.7,0.5920000000000001,2.1,1.7,3.8,0.0,-0.5,-0.5,0.8
149,Seth Curry,7441860,7813953,29,DAL,59,24.5,5.1,0.45299999999999996,2.4,0.1,0.6,2.0,1.0,12.6,16.2,0.65,3.4,0.9,4.3,2.0,-0.7,1.4,1.2
150,Doug McDermott,7333334,7333333,28,IND,62,20.0,4.3,0.445,2.5,0.1,0.1,1.1,0.6,10.4,14.3,0.626,2.1,0.9,3.0,1.5,-1.5,0.0,0.6
151,Langston Galloway,7333333,0,28,DET,66,25.8,5.0,0.39899999999999997,2.3,0.2,0.7,1.5,0.6,10.3,12.3,0.584,2.4,0.7,3.1,0.1,-0.9,-0.8,0.5
152,Derrick Rose,7317073,7682927,31,DET,50,26.0,2.9,0.306,2.4,0.3,0.8,5.6,2.5,18.1,21.1,0.555,1.9,0.6,2.5,4.0,-1.7,2.2,1.4
153,Brandon Ingram,7265485,0,22,NOP,56,34.3,6.3,0.387,6.3,0.7,1.0,4.3,3.1,24.3,19.2,0.59,3.2,1.7,4.9,2.7,-0.3,2.4,2.1
154,D.J. Augustin,7250000,0,32,ORL,49,24.8,3.6,0.345,2.2,0.0,0.6,4.6,1.4,10.4,14.2,0.5479999999999999,1.8,0.8,2.6,-0.3,-1.0,-1.4,0.2
155,De'Andre Hunter,7068360,7422000,22,ATL,63,32.0,4.8,0.355,4.5,0.3,0.7,1.8,1.6,12.3,8.6,0.521,-0.4,0.5,0.1,-2.8,-1.8,-4.7,-1.4
156,Josh Jackson,7059480,0,22,MEM,18,19.8,4.0,0.319,3.2,0.5,1.0,1.7,1.4,10.4,14.0,0.539,0.0,0.4,0.5,-1.1,1.2,0.0,0.2
157,DÃ„Âvis BertÃ„Âns,7000000,0,27,WAS,54,29.3,8.7,0.424,4.5,0.6,0.7,1.7,1.1,15.4,15.5,0.628,3.0,0.5,3.5,2.7,-1.8,0.9,1.1
158,Ersan Ã„Â°lyasova,7000000,7000000,32,MIL,56,16.0,2.2,0.371,4.9,0.3,0.4,0.8,0.6,6.8,15.2,0.591,1.5,1.9,3.4,-0.2,0.8,0.6,0.6
159,DeMarre Carroll,6842307,6167887,33,TOT,21,11.0,1.3,0.259,2.2,0.2,0.2,0.9,0.8,3.5,8.5,0.523,0.0,0.1,0.1,-3.4,-1.1,-4.5,-0.1
160,Nemanja Bjelica,6825000,7150000,31,SAC,64,28.5,4.6,0.424,6.4,0.5,0.8,2.8,1.4,11.9,15.6,0.597,3.0,1.7,4.7,1.2,0.4,1.6,1.7
161,Jaylen Brown,6534829,22991071,23,BOS,50,34.0,5.6,0.381,6.4,0.3,1.1,2.2,2.3,20.4,17.1,0.589,2.1,2.3,4.5,1.0,-0.1,0.9,1.2
162,Jabari Parker,6500000,6500000,24,TOT,33,25.8,3.5,0.267,5.9,0.5,1.3,1.8,1.8,14.7,17.0,0.561,0.5,0.7,1.2,0.2,-0.4,-0.1,0.4
163,Ivica Zubac,6481482,7000000,22,LAC,64,18.1,0.0,0.0,7.2,0.9,0.2,1.1,0.8,8.0,21.0,0.642,3.6,2.0,5.6,1.5,1.0,2.5,1.3
164,Darius Garland,6400920,6720720,20,CLE,59,30.9,5.0,0.355,1.9,0.1,0.7,3.9,2.6,12.3,8.5,0.498,-1.3,0.0,-1.3,-2.7,-2.9,-5.6,-1.7
165,De'Aaron Fox,6392760,8099627,22,SAC,45,31.7,3.4,0.307,4.0,0.5,1.4,6.8,3.1,20.4,20.3,0.556,2.1,1.3,3.5,2.1,-0.3,1.8,1.4
166,Trae Young,6273000,6571800,21,ATL,60,35.3,9.5,0.361,4.3,0.1,1.1,9.3,4.8,29.6,23.9,0.595,5.4,0.5,5.9,6.3,-2.3,4.0,3.2
167,Montrezl Harrell,6000000,0,26,LAC,63,27.8,0.3,0.0,7.1,1.1,0.6,1.7,1.7,18.6,23.1,0.607,4.5,2.5,7.0,2.4,0.5,2.9,2.2
168,Ish Smith,5853659,6146341,31,WAS,60,26.2,2.5,0.36700000000000005,3.2,0.4,0.9,4.8,1.3,10.5,13.8,0.512,1.3,0.4,1.7,-0.3,-1.1,-1.4,0.2
169,Marco Belinelli,5846154,0,33,SAS,52,15.0,3.0,0.368,1.7,0.0,0.2,1.2,0.3,5.8,10.2,0.521,0.4,0.1,0.6,-1.0,-1.9,-2.9,-0.2
170,Jarrett Culver,5813640,6104280,20,MIN,63,23.9,3.5,0.299,3.4,0.6,0.9,1.7,1.3,9.2,9.6,0.467,-1.2,1.1,-0.1,-3.2,-0.8,-4.0,-0.8
171,Jonathan Isaac,5806440,7362566,22,ORL,32,29.7,2.8,0.33,6.9,2.4,1.6,1.4,1.5,12.0,16.9,0.542,0.4,1.9,2.3,-0.8,2.9,2.0,1.0
172,Rodney Hood,5718000,6003900,27,POR,21,29.5,3.4,0.493,3.4,0.2,0.8,1.5,0.9,11.0,12.2,0.625,0.9,0.2,1.1,-0.4,-0.5,-0.9,0.2
173,Trey Lyles,5500000,5500000,24,SAS,63,20.2,2.7,0.387,5.7,0.4,0.4,1.1,0.6,6.4,12.7,0.557,1.2,1.0,2.2,-0.5,-0.7,-1.2,0.2
174,Aron Baynes,5453280,0,33,PHO,42,22.2,4.0,0.35100000000000003,5.6,0.5,0.2,1.6,1.2,11.5,15.1,0.581,1.3,0.7,2.0,-0.2,-0.9,-1.1,0.2
175,Kris Dunn,5348007,0,25,CHI,51,24.9,2.2,0.259,3.6,0.3,2.0,3.4,1.3,7.3,12.1,0.51,0.3,2.0,2.3,-3.7,3.1,-0.6,0.4
176,Coby White,5307120,5572680,19,CHI,65,25.8,5.8,0.354,3.5,0.1,0.8,2.7,1.7,13.2,11.9,0.506,-0.4,1.4,0.9,-1.2,-1.6,-2.8,-0.3
177,Lauri Markkanen,5300400,6731508,22,CHI,50,29.8,6.3,0.344,6.3,0.5,0.8,1.5,1.6,14.7,14.3,0.56,1.1,1.6,2.6,0.2,-0.8,-0.5,0.5
178,Ryan Anderson,5214583,5214583,31,HOU,2,7.0,2.5,0.2,3.5,0.0,0.5,1.0,0.5,2.5,9.5,0.35700000000000004,0.0,0.0,0.0,-4.1,0.7,-3.4,0.0
179,Daniel Theis,5000000,5000000,27,BOS,58,23.8,1.4,0.321,6.6,1.3,0.6,1.6,0.8,9.3,18.2,0.629,3.6,2.3,5.9,0.4,1.8,2.3,1.5
180,Jaxson Hayes,4862040,5105160,19,NOP,56,17.0,0.1,0.25,4.0,0.9,0.4,0.9,0.7,7.5,17.8,0.675,2.5,1.0,3.5,-0.8,0.8,0.1,0.5
181,Buddy Hield,4861208,24431818,27,SAC,64,32.0,9.7,0.395,4.8,0.3,0.9,3.1,2.3,19.8,16.3,0.5660000000000001,1.6,1.5,3.1,2.6,-1.3,1.4,1.7
182,Frank Ntilikina,4855800,6176578,21,NYK,57,20.8,2.4,0.321,2.1,0.3,0.9,3.0,1.2,6.3,9.8,0.49700000000000005,0.1,0.8,0.9,-3.6,0.4,-3.2,-0.4
183,Ed Davis,4767000,5005350,30,UTA,25,10.7,0.0,0.0,3.8,0.4,0.4,0.3,0.5,1.3,7.3,0.425,-0.1,0.5,0.4,-5.5,1.7,-3.9,-0.1
184,Richaun Holmes,4767000,5005350,26,SAC,39,28.8,0.0,0.0,8.3,1.4,1.0,1.0,1.3,12.8,20.5,0.685,3.2,1.5,4.6,0.6,0.9,1.5,1.0
185,Frank Kaminsky,4767000,5005350,26,PHO,32,22.4,3.5,0.348,4.9,0.3,0.4,2.2,1.0,11.0,14.5,0.5539999999999999,0.8,0.6,1.4,0.2,-0.3,-0.1,0.3
186,Mike Scott,4767000,5005350,31,PHI,63,17.8,3.2,0.358,3.6,0.1,0.3,0.8,0.4,5.7,10.2,0.539,1.0,1.1,2.1,-1.2,-1.1,-2.3,-0.1
187,Avery Bradley,4767000,5005350,29,LAL,49,24.2,3.5,0.364,2.3,0.1,0.9,1.3,1.0,8.6,8.9,0.537,0.2,1.4,1.6,-2.9,0.5,-2.4,-0.1
188,Robin Lopez,4767000,5005350,31,MIL,60,14.4,1.6,0.344,2.4,0.7,0.2,0.7,0.9,5.5,11.1,0.565,0.2,1.5,1.7,-2.4,0.5,-1.9,0.0
189,JaMychal Green,4767000,5005350,29,LAC,55,20.5,3.7,0.363,6.3,0.4,0.5,0.8,0.8,6.5,10.8,0.5539999999999999,0.8,1.8,2.6,-1.4,0.6,-0.8,0.3
190,Justin Holiday,4767000,0,30,IND,65,24.9,4.4,0.424,3.2,0.6,1.2,1.3,0.6,8.4,12.7,0.598,1.7,2.2,4.0,0.0,1.7,1.6,1.5
191,Garrett Temple,4767000,5005350,33,BRK,55,28.1,6.3,0.324,3.5,0.5,0.8,2.6,1.0,10.3,10.3,0.507,0.5,1.6,2.1,-1.5,0.4,-1.1,0.4
192,Enes Kanter,4767000,5005350,27,BOS,51,17.5,0.1,0.14300000000000002,7.7,0.7,0.4,1.0,1.0,8.2,22.0,0.594,2.1,1.7,3.8,1.6,-0.1,1.5,0.8
193,Collin Sexton,4764960,4991880,21,CLE,65,33.0,3.9,0.38,3.1,0.1,1.0,3.0,2.4,20.8,16.3,0.56,2.2,0.3,2.5,0.3,-2.1,-1.8,0.1
194,Rodney McGruder,4629630,5000000,28,LAC,50,15.0,1.6,0.278,2.6,0.2,0.5,0.6,0.4,3.2,6.5,0.47200000000000003,-0.1,1.0,0.8,-3.8,0.8,-3.0,-0.2
195,Rui Hachimura,4469160,4692840,21,WAS,41,29.7,1.8,0.27399999999999997,6.0,0.2,0.8,1.7,1.0,13.4,13.9,0.5429999999999999,1.3,0.4,1.7,-1.1,-1.9,-3.0,-0.3
196,Kevon Looney,4464286,4821429,23,GSW,20,13.1,0.7,0.071,3.3,0.3,0.6,1.0,0.6,3.4,9.4,0.40299999999999997,-0.2,0.2,0.0,-4.8,-0.8,-5.5,-0.2
197,Jamal Murray,4444746,29250000,22,DEN,55,32.8,5.5,0.345,3.9,0.3,1.2,4.8,2.3,18.8,17.5,0.5589999999999999,2.5,1.6,4.2,1.8,-0.7,1.1,1.4
198,Kevin Knox,4380120,4588680,20,NYK,65,17.9,3.1,0.327,2.8,0.4,0.4,0.9,0.7,6.4,8.4,0.47,-0.5,0.7,0.2,-3.1,-1.1,-4.2,-0.6
199,Cam Reddish,4245720,4458000,20,ATL,58,26.7,4.3,0.332,3.7,0.5,1.1,1.5,1.7,10.5,9.0,0.5,-1.2,0.8,-0.4,-3.2,-1.0,-4.2,-0.9
200,Zach Collins,4240200,5406255,22,POR,3,28.7,2.3,0.429,4.0,0.7,0.0,2.0,2.0,9.0,9.0,0.624,0.1,0.0,0.1,-1.1,-0.7,-1.7,0.0
201,Mikal Bridges,4161000,4359000,23,PHO,65,27.3,2.4,0.35200000000000004,4.0,0.6,1.4,1.8,1.0,8.7,13.0,0.623,2.2,1.9,4.1,-0.7,1.5,0.8,1.3
202,Alex Len,4160000,0,26,TOT,49,18.3,1.1,0.25,6.0,0.9,0.4,1.0,1.0,8.3,18.0,0.596,1.4,0.9,2.3,-0.2,-0.2,-0.5,0.3
203,Cameron Johnson,4033440,4235160,23,PHO,49,20.3,4.7,0.397,2.9,0.3,0.6,1.1,0.6,8.1,12.2,0.5760000000000001,1.1,0.7,1.8,0.5,-0.7,-0.2,0.5
204,Malik Monk,4028400,5345687,21,CHO,55,21.3,3.7,0.284,2.9,0.3,0.5,2.1,1.4,10.3,12.7,0.53,0.1,0.6,0.7,-1.0,-1.3,-2.3,-0.1
205,Dorian Finney-Smith,4000000,4000000,26,DAL,64,29.7,4.1,0.374,5.5,0.6,0.7,1.5,1.0,9.3,12.2,0.597,2.9,1.6,4.5,0.0,-0.1,-0.2,0.9
206,JaVale McGee,4000000,4200000,32,LAL,61,16.8,0.1,0.5,5.8,1.5,0.5,0.6,0.8,6.8,20.0,0.655,2.2,2.3,4.5,-0.3,2.3,2.1,1.1
207,Patrick McCaw,4000000,4000000,24,TOR,37,24.5,1.9,0.324,2.3,0.1,1.1,2.1,0.8,4.6,7.3,0.5,0.2,1.2,1.4,-3.6,1.8,-1.8,0.0
208,Reggie Bullock,4000000,4200000,28,NYK,29,23.6,3.8,0.33299999999999996,2.3,0.1,0.9,1.4,0.7,8.1,9.3,0.502,0.2,0.3,0.5,-2.7,-0.3,-3.0,-0.2
209,Shai Gilgeous-Alexander,3952920,4141320,21,OKC,63,35.1,3.5,0.35100000000000003,6.1,0.7,1.1,3.3,1.9,19.3,17.8,0.5660000000000001,2.9,2.6,5.5,1.4,0.2,1.6,2.0
210,NicolÃƒÂ² Melli,3902439,4097561,29,NOP,52,17.1,3.5,0.361,3.0,0.4,0.6,1.3,0.8,6.8,12.3,0.583,1.0,0.8,1.8,-0.9,0.3,-0.6,0.3
211,P.J. Washington,3831840,4023600,21,CHO,58,30.3,4.0,0.374,5.4,0.8,0.9,2.1,1.6,12.2,12.4,0.547,0.5,1.4,2.0,-1.7,0.1,-1.6,0.2
212,Luke Kennard,3827160,5273826,23,DET,28,32.9,6.5,0.39899999999999997,3.5,0.2,0.4,4.1,1.5,15.8,14.4,0.589,1.6,0.3,1.9,1.1,-1.4,-0.3,0.4
213,Miles Bridges,3755400,3934320,21,CHO,65,30.7,4.6,0.33,5.6,0.7,0.6,1.8,1.5,13.0,12.1,0.52,0.3,1.3,1.6,-1.5,-1.0,-2.5,-0.3
214,Tyler Herro,3640200,3822240,20,MIA,47,27.2,5.4,0.391,4.0,0.1,0.6,1.9,1.5,12.9,11.4,0.534,-0.3,1.1,0.9,-1.0,-1.3,-2.3,-0.1
215,Donovan Mitchell,3635760,5195501,23,UTA,63,34.4,6.8,0.364,4.4,0.2,1.0,4.2,2.7,24.2,19.1,0.56,3.0,2.2,5.2,2.4,-0.5,1.9,2.1
216,Stanley Johnson,3623000,3801000,23,TOR,20,4.8,0.7,0.154,1.1,0.1,0.2,0.4,0.4,1.2,3.1,0.342,-0.3,0.2,-0.1,-7.9,1.4,-6.5,-0.1
217,Jake Layman,3581986,3761085,25,MIN,23,22.0,3.1,0.33299999999999996,2.5,0.4,0.7,0.7,1.0,9.1,10.3,0.544,0.0,0.3,0.3,-2.7,-1.0,-3.7,-0.2
218,Thon Maker,3569643,0,22,DET,60,12.9,1.1,0.344,2.8,0.7,0.4,0.7,0.8,4.7,13.7,0.5820000000000001,0.7,0.8,1.5,-2.0,0.7,-1.4,0.1
219,Jerome Robinson,3567720,3737520,22,TOT,55,13.6,1.9,0.298,1.9,0.3,0.4,1.2,0.6,3.7,6.0,0.439,-0.7,0.7,0.0,-4.6,0.1,-4.5,-0.5
220,Allonzo Trier,3551100,0,24,NYK,24,12.1,2.2,0.358,1.2,0.2,0.1,1.2,0.9,6.5,14.5,0.62,0.5,0.1,0.5,1.0,-1.5,-0.5,0.1
221,Danuel House,3540000,3717000,26,HOU,58,30.0,5.4,0.363,4.2,0.6,1.1,1.3,0.8,10.2,11.4,0.5710000000000001,1.9,1.6,3.5,-0.6,0.1,-0.5,0.7
222,Domantas Sabonis,3529555,17187500,23,IND,62,34.8,1.1,0.254,12.4,0.5,0.8,5.0,2.7,18.5,20.7,0.586,4.2,3.3,7.6,2.1,1.1,3.2,2.9
223,Boban MarjanoviÃ„â€¡,3500000,3500000,31,DAL,37,9.1,0.4,0.267,4.1,0.2,0.2,0.4,0.7,6.3,24.5,0.599,0.8,0.5,1.3,1.7,-1.7,0.0,0.2
224,T.J. McConnell,3500000,3500000,27,IND,63,18.9,0.2,0.33299999999999996,2.6,0.2,0.7,5.0,1.4,6.5,16.2,0.541,1.6,1.4,2.9,0.1,0.2,0.3,0.7
225,Dario Ã…Â ariÃ„â€¡,3481986,0,25,PHO,58,24.8,3.7,0.341,5.9,0.3,0.6,1.9,1.2,10.1,13.3,0.5720000000000001,1.5,1.2,2.7,-0.5,-0.4,-0.9,0.4
226,Romeo Langford,3458400,3631200,20,BOS,27,11.0,0.9,0.217,1.2,0.2,0.3,0.2,0.3,2.6,6.0,0.465,-0.1,0.3,0.2,-4.5,-0.1,-4.6,-0.2
227,Bam Adebayo,3454080,5115492,22,MIA,65,34.4,0.2,0.077,10.5,1.3,1.2,5.1,2.8,16.2,20.6,0.606,4.6,3.6,8.1,1.6,2.1,3.6,3.2
228,Kyle Korver,3440000,0,38,MIL,50,16.7,4.1,0.415,2.1,0.2,0.4,1.2,0.8,6.7,11.2,0.613,0.8,1.4,2.2,-0.5,0.7,0.2,0.5
229,Denzel Valentine,3377569,0,26,CHI,36,13.6,3.8,0.336,2.1,0.2,0.7,1.2,0.7,6.8,13.0,0.511,-0.1,0.6,0.5,-0.7,0.2,-0.5,0.2
230,Juan HernangÃƒÂ³mez,3321030,0,24,TOT,48,17.4,2.7,0.341,4.1,0.2,0.4,0.8,0.7,6.0,10.4,0.518,0.2,0.7,1.0,-2.2,-1.1,-3.3,-0.3
231,Sekou Doumbouya,3285120,3449400,19,DET,38,19.8,2.6,0.28600000000000003,3.1,0.2,0.5,0.5,0.9,6.4,6.2,0.474,-0.8,0.5,-0.3,-5.2,-1.5,-6.7,-0.9
232,Justin Jackson,3280920,5029650,24,DAL,58,16.0,2.6,0.298,2.4,0.2,0.2,0.8,0.2,5.7,10.0,0.498,0.7,0.6,1.3,-1.7,-1.2,-2.9,-0.2
233,Yogi Ferrell,3150000,0,26,SAC,44,11.0,1.6,0.275,1.1,0.1,0.3,1.3,0.6,4.2,10.7,0.499,0.1,0.3,0.4,-2.1,-0.4,-2.5,-0.1
234,Zhaire Smith,3058800,3204600,20,PHI,7,4.6,0.4,0.0,0.3,0.0,0.4,0.3,0.3,1.1,1.1,0.313,-0.1,0.1,-0.1,-10.8,0.8,-10.0,-0.1
235,Dwight Howard,3039097,0,34,LAL,62,19.2,0.1,0.6,7.4,1.2,0.4,0.7,1.2,7.5,18.7,0.696,2.6,2.4,5.0,-0.8,1.4,0.5,0.8
236,Khem Birch,3000000,3000000,27,ORL,40,19.4,0.0,0.0,4.5,0.5,0.4,0.9,0.6,3.8,10.1,0.529,0.7,0.8,1.5,-3.3,0.3,-3.0,-0.2
237,Ryan Arcidiacono,3000000,3000000,25,CHI,58,16.0,2.4,0.391,1.9,0.1,0.5,1.7,0.6,4.5,9.0,0.551,0.7,0.7,1.4,-2.7,-0.1,-2.8,-0.2
238,Quinn Cook,3000000,3000000,26,LAL,38,10.8,1.7,0.379,1.1,0.0,0.3,1.1,0.7,4.8,10.5,0.517,-0.1,0.4,0.4,-2.3,-1.0,-3.3,-0.1
239,Nickeil Alexander-Walker,2964840,3113160,21,NOP,41,12.2,2.9,0.342,2.0,0.2,0.3,1.8,1.0,5.1,7.6,0.441,-0.7,0.4,-0.4,-3.5,-1.4,-4.9,-0.4
240,D.J. Wilson,2961120,4548280,23,MIL,31,9.0,1.8,0.255,2.2,0.2,0.1,0.7,0.5,3.2,8.4,0.47600000000000003,-0.2,0.5,0.3,-3.9,0.3,-3.6,-0.1
241,Cedi Osman,2907143,8750000,24,CLE,65,29.4,4.9,0.38299999999999995,3.6,0.2,0.8,2.4,1.4,11.0,10.7,0.552,1.1,0.5,1.6,-1.6,-0.9,-2.6,-0.3
242,Donte DiVincenzo,2905800,3044160,23,MIL,59,23.1,3.7,0.344,4.9,0.3,1.4,2.3,1.2,9.4,15.0,0.57,1.4,3.1,4.5,-0.6,2.7,2.1,1.4
243,Bryn Forbes,2875000,0,26,SAS,63,25.1,6.0,0.38799999999999996,2.0,0.0,0.5,1.7,0.9,11.2,11.2,0.57,1.2,0.2,1.5,-0.6,-2.1,-2.7,-0.3
244,Goga Bitadze,2816760,2957520,20,IND,49,8.4,0.7,0.16699999999999998,2.0,0.7,0.1,0.4,0.5,3.1,12.2,0.53,-0.1,0.7,0.6,-4.0,1.5,-2.5,0.0
245,T.J. Leaf,2813280,4326825,22,IND,25,7.7,0.6,0.35700000000000004,2.6,0.1,0.3,0.2,0.3,2.9,13.8,0.485,0.0,0.3,0.4,-1.4,-0.1,-1.5,0.0
246,Lonnie Walker,2760480,2892000,21,SAS,53,14.5,1.3,0.408,2.2,0.2,0.5,0.9,0.6,5.6,11.0,0.515,0.0,0.5,0.5,-2.5,-0.7,-3.2,-0.2
247,Alex Caruso,2750000,2750000,25,LAL,58,17.8,1.8,0.355,1.9,0.3,1.0,1.8,0.8,5.4,11.0,0.5379999999999999,0.6,1.6,2.2,-2.4,2.4,0.1,0.5
248,Malik Beasley,2731714,0,23,TOT,55,22.0,5.0,0.38799999999999996,2.7,0.1,0.7,1.4,1.0,11.2,12.7,0.546,0.4,0.9,1.3,-0.7,-1.3,-2.0,0.0
249,Luka Ã…Â amaniÃ„â€¡,2689920,2824320,20,SAS,1,12.0,2.0,0.0,2.0,0.0,0.0,3.0,0.0,0.0,-3.4,0.0,-0.1,0.0,-0.1,-7.4,-4.5,-11.9,0.0
250,John Collins,2686560,4137302,22,ATL,41,33.2,3.6,0.401,10.1,1.6,0.8,1.5,1.8,21.6,23.5,0.659,3.8,1.1,4.9,3.7,-0.7,3.1,1.7
251,Kevin Huerter,2636280,2761920,21,ATL,56,31.4,6.0,0.38,4.1,0.5,0.9,3.8,1.6,12.2,11.5,0.536,1.0,0.6,1.6,-0.6,-0.9,-1.6,0.2
252,Caris LeVert,2625718,16203704,25,BRK,39,29.0,4.8,0.381,4.1,0.2,1.1,4.1,2.5,17.7,15.1,0.509,-0.1,1.2,1.2,0.1,-0.7,-0.6,0.4
253,Marko Guduric,2625000,2750000,24,MEM,42,11.3,1.9,0.309,1.7,0.2,0.3,1.1,0.9,4.0,8.8,0.515,-0.2,0.4,0.1,-2.6,-0.8,-3.4,-0.2
254,DeAndre' Bembry,2603982,0,25,ATL,43,21.3,1.5,0.231,3.5,0.4,1.3,1.9,1.4,5.8,9.6,0.5,-0.5,0.7,0.2,-3.5,1.0,-2.4,-0.1
255,Matisse Thybulle,2582160,2711280,22,PHI,57,19.5,2.5,0.35200000000000004,1.5,0.7,1.4,1.2,0.8,4.7,9.8,0.53,0.1,1.8,1.9,-3.0,3.1,0.1,0.6
256,Harry Giles,2578800,0,21,SAC,38,15.2,0.0,0.0,4.2,0.4,0.6,1.3,0.9,7.0,16.3,0.586,0.7,0.7,1.4,-2.2,1.1,-1.1,0.1
257,Jeff Green,2564753,0,33,TOT,40,18.9,3.5,0.348,2.8,0.4,0.5,0.8,0.9,8.4,12.8,0.575,0.6,0.8,1.4,-0.4,0.0,-0.5,0.3
258,Wesley Matthews,2564753,2692991,33,MIL,62,24.7,4.5,0.365,2.6,0.1,0.6,1.5,0.7,7.5,8.4,0.545,0.8,2.4,3.1,-2.5,0.8,-1.7,0.1
259,Udonis Haslem,2564753,0,39,MIA,3,7.0,0.7,0.0,2.7,0.0,0.0,0.3,0.0,1.7,3.0,0.322,0.0,0.0,0.0,-9.7,-3.0,-12.7,-0.1
260,Jared Dudley,2564753,0,34,LAL,40,7.8,0.9,0.47100000000000003,1.1,0.1,0.3,0.5,0.2,1.5,7.4,0.57,0.2,0.4,0.7,-2.7,2.0,-0.7,0.1
261,Rajon Rondo,2564753,2619605,33,LAL,48,20.5,2.6,0.32799999999999996,3.0,0.0,0.8,5.0,1.9,7.1,12.4,0.494,0.2,1.3,1.5,-1.1,0.0,-1.2,0.2
262,Thabo Sefolosha,2564753,0,35,HOU,41,10.6,1.3,0.278,2.3,0.3,0.6,0.6,0.4,2.2,9.5,0.48700000000000004,0.1,0.6,0.7,-2.7,1.6,-1.1,0.1
263,Tyson Chandler,2564753,0,37,HOU,26,8.4,0.0,0.0,2.5,0.3,0.2,0.2,0.3,1.3,10.8,0.7170000000000001,0.3,0.3,0.6,-2.5,1.1,-1.4,0.0
264,J.J. Barea,2564753,0,35,DAL,26,15.0,2.9,0.382,1.8,0.1,0.2,3.8,1.3,7.5,14.9,0.519,0.5,0.2,0.7,1.8,-2.7,-1.0,0.1
265,Wilson Chandler,2564753,0,32,BRK,35,21.0,3.5,0.306,4.1,0.3,0.5,1.1,1.0,5.9,7.4,0.531,-0.1,0.9,0.8,-3.9,1.0,-2.9,-0.2
266,Vince Carter,2564753,0,43,ATL,60,14.6,3.4,0.302,2.1,0.4,0.4,0.8,0.6,5.0,7.6,0.47,-0.6,0.4,-0.2,-3.1,-1.2,-4.3,-0.5
267,Josh Okogie,2530680,2651040,21,MIN,62,25.0,2.5,0.266,4.3,0.4,1.1,1.6,1.4,8.6,11.5,0.5529999999999999,1.0,1.2,2.2,-2.4,0.0,-2.4,-0.1
268,Vincent Poirier,2505793,2619207,26,BOS,21,5.4,0.1,0.5,1.6,0.3,0.1,0.3,0.3,1.9,12.8,0.54,0.1,0.2,0.3,-4.5,0.7,-3.8,-0.1
269,Rondae Hollis-Jefferson,2500000,0,25,TOR,52,19.2,0.3,0.11800000000000001,4.9,0.4,0.8,1.7,0.9,7.2,15.5,0.5329999999999999,1.4,1.8,3.2,-1.1,1.5,0.5,0.6
270,Brandon Clarke,2478840,2602920,23,MEM,50,21.7,1.0,0.40399999999999997,5.8,0.8,0.5,1.4,0.9,12.0,21.8,0.67,3.1,1.3,4.4,2.8,0.7,3.5,1.5
271,Terrance Ferguson,2475840,3944013,21,OKC,50,23.4,3.1,0.297,1.5,0.3,0.5,0.9,0.6,4.2,4.1,0.504,-0.1,0.8,0.7,-4.5,0.3,-4.1,-0.6
272,Grayson Allen,2429400,2545320,24,MEM,30,16.6,3.0,0.363,2.2,0.0,0.2,1.4,0.8,7.4,11.4,0.5770000000000001,0.5,0.3,0.7,-1.0,-1.5,-2.6,-0.1
273,Anthony Tolliver,2419852,0,34,TOT,47,15.6,2.6,0.322,2.8,0.2,0.3,0.7,0.6,3.5,6.6,0.49700000000000005,-0.1,0.4,0.3,-3.1,-0.7,-3.8,-0.3
274,Grant Williams,2379840,2498760,21,BOS,62,15.6,1.4,0.247,2.7,0.5,0.5,1.0,0.7,3.5,8.0,0.508,0.2,1.3,1.5,-4.0,1.4,-2.6,-0.1
275,Jarrett Allen,2376840,3909902,21,BRK,64,25.7,0.1,0.0,9.5,1.3,0.6,1.3,1.1,10.6,20.3,0.6579999999999999,4.3,2.8,7.1,1.0,1.1,2.1,1.7
276,Pascal Siakam,2351839,29000000,25,TOR,53,35.5,6.0,0.359,7.5,0.9,1.0,3.6,2.5,23.6,18.7,0.5589999999999999,2.0,3.2,5.2,1.7,0.5,2.2,2.0
277,Skal LabissiÃƒÂ¨re,2338847,0,23,POR,33,17.2,0.4,0.231,5.1,0.9,0.2,1.3,0.9,5.8,15.4,0.588,1.0,0.4,1.4,-1.5,0.3,-1.3,0.1
278,Chandler Hutchison,2332320,2443440,23,CHI,28,18.8,1.4,0.316,3.9,0.3,1.0,0.9,1.0,7.8,12.4,0.521,0.0,0.7,0.7,-2.7,0.1,-2.6,-0.1
279,Patrick Patterson,2331593,0,30,LAC,51,11.9,2.8,0.387,2.4,0.1,0.1,0.6,0.4,4.6,11.7,0.5760000000000001,0.9,0.6,1.5,0.9,-0.5,0.4,0.4
280,Dejounte Murray,2321735,14285714,23,SAS,58,24.9,1.6,0.37799999999999995,5.8,0.3,1.7,4.1,1.9,10.7,17.1,0.535,0.9,1.7,2.6,-0.5,1.5,1.0,1.1
281,Alec Burks,2320044,0,28,TOT,59,27.3,4.6,0.366,4.4,0.3,1.0,2.9,1.4,15.1,16.0,0.5489999999999999,1.9,1.1,2.9,0.6,-0.7,-0.2,0.7
282,Isaiah Thomas,2320044,0,30,WAS,40,23.1,4.7,0.413,1.7,0.2,0.3,3.7,1.9,12.2,11.6,0.531,0.2,-0.1,0.0,-0.5,-3.9,-4.4,-0.6
283,Damian Jones,2305057,0,24,ATL,55,16.1,0.2,0.222,3.7,0.7,0.5,0.6,0.5,5.6,15.5,0.7120000000000001,2.2,0.6,2.8,-1.6,0.1,-1.4,0.1
284,Darius Bazley,2284800,2399160,19,OKC,53,17.2,1.9,0.3,3.7,0.7,0.4,0.5,0.8,4.5,8.1,0.475,-0.8,1.2,0.4,-3.1,0.6,-2.5,-0.1
285,OG Anunoby,2281800,3872215,22,TOR,63,30.1,3.4,0.381,5.4,0.7,1.4,1.6,1.2,10.7,13.2,0.598,1.8,3.3,5.1,-0.9,1.8,0.9,1.4
286,Ante Ã…Â½iÃ…Â¾iÃ„â€¡,2281800,0,23,CLE,22,10.0,0.0,0.0,3.0,0.2,0.3,0.3,0.5,4.4,16.4,0.597,0.3,0.2,0.5,-1.7,-1.5,-3.2,-0.1
287,Markieff Morris,2241808,0,30,TOT,52,21.3,4.0,0.386,3.8,0.3,0.5,1.4,1.4,10.1,12.4,0.568,0.4,0.8,1.2,-1.2,-0.9,-2.1,0.0
288,Aaron Holiday,2239200,2345640,23,IND,58,23.6,3.5,0.39399999999999996,2.3,0.2,0.8,3.3,1.3,9.4,11.7,0.517,0.4,1.4,1.7,-1.4,-0.3,-1.7,0.1
289,Luke Kornet,2195122,2304878,24,CHI,36,15.5,3.0,0.287,2.3,0.7,0.3,0.9,0.4,6.0,12.7,0.539,0.5,0.5,1.1,-0.9,-0.2,-1.1,0.1
290,Ty Jerome,2193480,2303040,22,PHO,28,11.3,1.7,0.27699999999999997,1.5,0.1,0.5,1.5,0.6,3.5,8.1,0.43700000000000006,-0.3,0.3,0.0,-3.9,0.0,-3.8,-0.1
291,Willie Cauley-Stein,2177483,2286357,26,TOT,54,20.3,0.0,0.0,5.8,1.1,0.9,1.3,0.7,7.2,17.0,0.589,1.5,1.5,3.0,-1.2,1.7,0.5,0.7
292,Austin Rivers,2174318,2369663,27,HOU,60,23.4,3.9,0.358,2.4,0.2,0.7,1.6,0.6,8.5,10.3,0.5379999999999999,1.3,1.0,2.2,-1.9,-0.4,-2.3,-0.1
293,Carmelo Anthony,2159029,0,35,POR,50,32.5,3.9,0.371,6.3,0.5,0.8,1.6,1.7,15.3,12.2,0.517,0.1,0.9,1.0,-1.9,-1.8,-3.7,-0.7
294,Anfernee Simons,2149560,2252040,20,POR,65,21.5,3.4,0.33799999999999997,2.3,0.2,0.4,1.5,0.9,8.8,9.3,0.506,0.1,0.2,0.3,-2.5,-1.8,-4.4,-0.8
295,Nassir Little,2105520,2210640,19,POR,48,11.9,1.2,0.237,2.3,0.3,0.3,0.5,0.3,3.6,9.7,0.505,0.3,0.3,0.6,-2.9,-0.6,-3.5,-0.2
296,Torrey Craig,2100000,0,29,DEN,50,17.4,2.2,0.33,3.1,0.6,0.4,0.7,0.4,5.0,10.4,0.5589999999999999,0.8,0.9,1.7,-2.4,0.1,-2.3,-0.1
297,Moritz Wagner,2063520,2161920,22,WAS,37,19.1,1.8,0.34299999999999997,5.2,0.5,0.6,1.3,1.5,9.5,16.6,0.6659999999999999,1.3,0.5,1.8,-1.2,-0.3,-1.6,0.1
298,Caleb Swanigan,2033160,0,22,TOT,27,10.7,0.1,0.0,3.7,0.3,0.1,1.1,1.4,2.4,7.6,0.597,-0.2,0.2,0.0,-6.3,0.2,-6.0,-0.3
299,Trey Burke,2028594,0,27,PHI,25,13.2,1.5,0.42100000000000004,1.4,0.0,0.3,2.1,0.5,5.9,15.4,0.545,0.6,0.2,0.9,0.7,-1.1,-0.5,0.1
300,Kyle O'Quinn,2028594,0,29,PHI,26,9.9,0.9,0.304,3.8,0.8,0.2,1.3,0.7,3.3,18.1,0.541,0.3,0.5,0.8,-0.7,2.2,1.5,0.2
301,Michael Carter-Williams,2028594,0,28,ORL,42,18.4,1.6,0.294,3.3,0.5,1.1,2.4,1.1,7.2,15.7,0.539,0.7,1.1,1.9,-1.3,1.7,0.4,0.5
302,Mike Muscala,2028594,2283034,28,OKC,41,12.0,2.9,0.358,2.3,0.3,0.2,0.8,0.3,4.6,12.2,0.56,0.5,0.5,1.0,-0.1,-0.1,-0.2,0.2
303,Nerlens Noel,2028594,0,25,OKC,55,18.4,0.1,0.33299999999999996,4.9,1.5,1.0,1.0,1.0,7.7,21.7,0.7140000000000001,2.7,2.1,4.8,0.5,3.4,4.0,1.5
304,Troy Daniels,2028594,0,28,TOT,42,10.9,2.7,0.354,1.1,0.1,0.2,0.3,0.2,4.1,8.9,0.524,0.2,0.4,0.7,-1.2,-1.0,-2.2,0.0
305,Ben McLemore,2028594,2283034,26,HOU,63,22.8,6.2,0.395,2.2,0.2,0.6,0.9,0.7,9.8,11.7,0.622,2.1,0.9,3.0,0.0,-0.7,-0.7,0.5
306,Edmond Sumner,2000000,2160000,24,IND,25,13.8,1.5,0.263,1.5,0.3,0.6,1.6,0.8,4.6,10.0,0.485,-0.1,0.4,0.3,-3.6,0.4,-3.1,-0.1
307,Noah Vonleh,2000000,0,24,TOT,33,11.0,0.5,0.2,3.7,0.2,0.3,0.8,0.6,3.8,15.6,0.621,0.6,0.4,1.0,-1.2,0.3,-0.8,0.1
308,Landry Shamet,1995120,2090040,22,LAC,47,27.5,5.7,0.392,1.9,0.2,0.4,1.9,0.8,9.7,9.2,0.599,1.7,1.0,2.7,-1.4,-0.2,-1.6,0.1
309,Mfiondu Kabengele,1977000,2075880,22,LAC,12,5.3,1.7,0.45,0.9,0.2,0.2,0.2,0.2,3.5,18.2,0.614,0.1,0.1,0.2,2.2,-0.1,2.1,0.1
310,Kyle Kuzma,1974600,3562178,24,LAL,54,24.6,4.4,0.297,4.5,0.4,0.4,1.3,1.6,12.5,11.6,0.522,-0.2,1.6,1.4,-2.2,-1.3,-3.5,-0.5
311,Jordan Poole,1964760,2063280,20,GSW,57,22.4,4.6,0.27899999999999997,2.1,0.2,0.6,2.4,1.3,8.8,7.2,0.45399999999999996,-1.6,0.4,-1.2,-4.4,-2.2,-6.6,-1.5
312,Tony Bradley,1962360,3542060,22,UTA,50,10.7,0.0,1.0,4.3,0.5,0.2,0.3,0.5,4.7,21.8,0.675,1.8,0.9,2.7,0.9,0.4,1.3,0.4
313,Keldon Johnson,1950600,2048040,20,SAS,9,10.2,0.6,0.4,1.9,0.1,0.6,0.7,0.3,4.6,16.6,0.579,0.2,0.1,0.2,-0.3,-0.6,-0.9,0.0
314,Derrick White,1948080,3516284,25,SAS,61,24.1,2.6,0.35600000000000004,3.2,0.9,0.6,3.4,1.2,10.4,15.9,0.585,2.5,0.9,3.4,0.7,0.2,0.9,1.1
315,Robert Williams,1937520,2029920,22,BOS,23,14.0,0.0,0.0,4.7,1.2,0.9,1.0,0.9,4.3,19.6,0.6709999999999999,0.6,0.8,1.4,-0.6,4.4,3.8,0.5
316,Josh Hart,1934160,3491159,24,NOP,57,27.4,5.7,0.342,6.5,0.4,1.0,1.6,1.1,10.2,11.7,0.556,1.0,1.7,2.7,-1.2,0.6,-0.6,0.6
317,Jacob Evans,1925880,2017320,22,TOT,29,14.4,1.3,0.33299999999999996,1.4,0.4,0.4,1.1,0.9,4.4,5.5,0.436,-0.7,0.2,-0.5,-5.7,-1.3,-7.0,-0.5
318,DÃ…Â¾anan Musa,1911600,2002800,20,BRK,35,11.5,1.9,0.231,2.0,0.0,0.4,0.9,0.8,4.2,8.4,0.467,-0.4,0.4,0.0,-4.1,-0.7,-4.8,-0.3
319,Omari Spellman,1897800,1988280,22,GSW,49,18.1,2.2,0.391,4.5,0.5,0.7,1.0,1.1,7.6,14.4,0.551,0.5,0.7,1.2,-0.7,-1.0,-1.7,0.1
320,Shabazz Napier,1882867,0,28,TOT,51,24.2,4.4,0.32,2.9,0.2,1.3,5.0,2.2,10.3,14.5,0.555,1.1,0.8,1.9,-0.3,-0.2,-0.5,0.5
321,James Ennis,1882867,2071978,29,TOT,61,17.3,2.3,0.33799999999999997,3.3,0.3,0.5,0.9,0.7,6.0,11.5,0.557,0.9,1.2,2.1,-2.1,-0.3,-2.5,-0.1
322,Tim Frazier,1882867,0,29,DET,27,13.1,1.1,0.33299999999999996,1.2,0.1,0.5,3.4,1.3,3.6,9.8,0.46399999999999997,-0.1,0.2,0.1,-2.9,-1.6,-4.5,-0.2
323,Bruno Caboclo,1845301,0,24,TOT,27,8.1,1.0,0.14300000000000002,2.0,0.6,0.4,0.4,0.3,2.7,13.4,0.455,0.0,0.4,0.3,-2.5,1.1,-1.4,0.0
324,Mario Hezonja,1737145,1882867,24,POR,47,16.3,1.4,0.32799999999999996,3.4,0.2,0.6,0.9,0.8,4.8,9.5,0.532,0.1,0.6,0.7,-3.1,0.2,-2.9,-0.2
325,Emmanuel Mudiay,1737145,0,23,UTA,48,15.7,1.6,0.355,2.4,0.2,0.4,2.2,1.4,7.3,13.7,0.55,0.3,0.8,1.1,-1.2,0.1,-1.1,0.2
326,Raul Neto,1737145,0,27,PHI,49,11.5,1.4,0.39399999999999996,1.1,0.1,0.4,1.6,0.9,4.3,11.5,0.562,0.2,0.6,0.8,-1.8,-0.1,-1.9,0.0
327,JaKarr Sampson,1737145,0,26,IND,26,13.1,0.5,0.154,2.3,0.3,0.3,0.3,0.3,4.2,11.8,0.607,0.4,0.4,0.8,-2.7,0.8,-1.8,0.0
328,Pat Connaughton,1723050,0,27,MIL,61,18.3,2.2,0.321,4.2,0.5,0.3,1.6,0.8,5.1,11.2,0.5579999999999999,0.9,2.1,3.0,-1.1,1.6,0.5,0.7
329,Jahlil Okafor,1702486,0,24,NOP,28,15.1,0.1,0.5,4.3,0.7,0.3,1.3,1.3,7.6,17.8,0.631,0.7,0.4,1.1,-0.8,0.6,-0.2,0.2
330,Rodions Kurucs,1699236,1780152,21,BRK,39,12.8,1.7,0.385,2.5,0.1,0.4,0.8,0.9,4.2,8.4,0.5539999999999999,-0.1,0.6,0.5,-3.9,0.9,-2.9,-0.1
331,Jonah Bolden,1698450,0,24,TOT,7,6.7,0.6,0.0,1.3,0.3,0.4,0.0,0.3,1.4,4.9,0.392,-0.1,0.1,0.0,-8.8,-0.1,-8.9,-0.1
332,Georges Niang,1678854,1783557,26,UTA,58,13.3,3.2,0.41600000000000004,1.9,0.1,0.2,0.6,0.4,5.8,12.4,0.612,1.0,0.7,1.7,0.9,-0.4,0.5,0.5
333,Cheick Diallo,1678854,1824003,23,PHO,44,10.6,0.0,0.5,2.9,0.3,0.2,0.5,0.7,4.8,16.3,0.688,0.8,0.5,1.3,-1.1,-0.3,-1.4,0.1
334,Dragan Bender,1678854,0,22,TOT,16,17.9,2.7,0.349,4.6,0.6,0.3,1.8,1.3,6.7,11.0,0.545,0.0,0.3,0.3,-3.0,0.1,-2.9,-0.1
335,David Nwaba,1678854,0,27,BRK,20,13.4,1.4,0.429,2.3,0.6,0.6,0.4,0.4,5.2,14.0,0.627,0.4,0.4,0.8,-1.1,2.0,1.0,0.2
336,Treveon Graham,1678854,0,26,TOT,55,16.9,2.2,0.275,2.7,0.1,0.4,0.8,0.5,4.4,6.6,0.456,-0.2,0.4,0.2,-4.5,-1.1,-5.5,-0.8
337,Willy HernangÃƒÂ³mez,1676735,0,25,CHO,31,12.1,0.7,0.22699999999999998,4.3,0.2,0.3,0.9,1.0,6.1,19.2,0.5760000000000001,0.4,0.4,0.8,0.6,-0.5,0.1,0.2
338,Jordan McRae,1645357,0,28,TOT,37,21.2,3.4,0.35700000000000004,3.4,0.4,0.6,2.5,1.2,11.5,14.2,0.515,0.4,0.3,0.7,0.0,-1.6,-1.5,0.1
339,Christian Wood,1645357,0,24,DET,62,21.4,2.3,0.386,6.3,0.9,0.5,1.0,1.4,13.1,23.2,0.659,3.6,1.5,5.1,3.5,-0.3,3.1,1.7
340,Furkan Korkmaz,1620564,1762796,22,PHI,64,21.8,5.0,0.397,2.3,0.2,0.6,1.1,0.8,9.7,11.7,0.5710000000000001,1.0,1.3,2.3,-0.6,-0.9,-1.5,0.2
341,Jordan Bell,1620564,0,25,TOT,29,8.8,0.4,0.33299999999999996,2.8,0.3,0.1,0.6,0.7,3.2,13.9,0.5770000000000001,0.2,0.2,0.4,-1.4,-1.1,-2.5,0.0
342,Justin Patton,1620564,0,22,OKC,5,4.8,0.8,0.25,1.0,0.0,0.0,0.4,0.4,1.8,4.7,0.45,0.0,0.0,0.0,-6.9,-3.3,-10.1,-0.1
343,Royce O'Neale,1618520,8035714,26,UTA,64,29.1,3.3,0.389,5.3,0.4,0.7,2.5,0.8,6.3,9.3,0.584,1.8,2.2,4.0,-1.3,2.1,0.8,1.3
344,Dillon Brooks,1618520,11400000,24,MEM,65,28.5,5.5,0.369,3.3,0.4,0.9,2.0,1.7,15.7,11.1,0.508,-0.3,1.3,1.0,-2.8,-1.5,-4.3,-1.1
345,Wesley Iwundu,1618520,0,25,ORL,45,18.0,1.5,0.313,2.5,0.2,0.6,1.0,0.4,5.3,9.9,0.521,0.6,0.8,1.4,-3.1,0.2,-2.9,-0.2
346,Abdel Nader,1618520,1752950,26,OKC,48,15.8,2.2,0.371,1.9,0.4,0.4,0.7,0.8,6.0,11.2,0.58,0.4,0.7,1.1,-1.1,0.2,-0.8,0.2
347,Damyean Dotson,1618520,0,25,NYK,48,17.4,3.4,0.36200000000000004,1.9,0.1,0.5,1.2,0.4,6.7,10.9,0.527,0.6,0.3,0.9,-0.9,-0.5,-1.4,0.1
348,Frank Jackson,1618520,0,21,NOP,51,12.9,2.4,0.325,1.4,0.1,0.3,0.8,0.8,5.6,7.7,0.5,-0.4,0.3,-0.1,-4.0,-2.0,-6.0,-0.7
349,Sterling Brown,1618520,0,24,MIL,45,14.8,2.5,0.316,3.7,0.2,0.5,1.0,0.8,5.0,9.3,0.478,-0.4,1.3,1.0,-3.1,1.0,-2.0,0.0
350,Dwayne Bacon,1618520,0,24,CHO,39,17.6,1.7,0.284,2.6,0.1,0.6,1.3,0.9,5.7,6.1,0.419,-1.2,0.4,-0.8,-5.9,-0.9,-6.8,-0.8
351,Semi Ojeleye,1618520,1752950,25,BOS,61,14.6,1.6,0.36700000000000005,2.0,0.1,0.3,0.5,0.2,3.1,7.6,0.557,0.8,0.9,1.7,-2.1,0.5,-1.6,0.1
352,Chris Boucher,1588231,0,27,TOR,55,13.2,1.8,0.28300000000000003,4.4,1.0,0.4,0.4,0.4,6.3,19.8,0.57,1.7,1.5,3.2,0.4,1.0,1.4,0.6
353,Malcolm Miller,1588231,0,26,TOR,25,5.0,0.8,0.316,0.6,0.1,0.2,0.3,0.1,0.9,4.7,0.43200000000000005,-0.1,0.2,0.1,-4.3,1.4,-2.9,0.0
354,Monte Morris,1588231,1663861,24,DEN,65,21.6,2.2,0.375,1.7,0.2,0.8,3.5,0.7,8.4,14.9,0.537,2.2,1.2,3.4,0.2,-0.1,0.1,0.8
355,Mitchell Robinson,1559712,1663861,21,NYK,61,23.1,0.0,0.0,7.0,2.0,0.9,0.6,0.6,9.7,23.5,0.726,4.8,2.0,6.8,1.6,1.3,3.0,1.8
356,Vlatko Ã„Å’anÃ„Âar,1517981,898310,22,DEN,14,3.2,0.4,0.16699999999999998,0.7,0.1,0.1,0.2,0.2,1.2,11.4,0.507,0.0,0.0,0.1,-3.5,-1.1,-4.5,0.0
357,Isaiah Roby,1500000,1517981,21,OKC,3,3.7,0.0,0.0,0.7,0.0,0.0,0.0,0.3,0.0,-7.7,0.0,-0.1,0.0,0.0,-12.0,-3.5,-15.5,0.0
358,Nigel Williams-Goss,1500000,1517981,25,UTA,9,3.1,0.2,0.0,0.6,0.1,0.1,0.6,0.2,0.4,5.7,0.254,-0.1,0.0,0.0,-5.1,1.1,-3.9,0.0
359,Shake Milton,1445697,1701593,23,PHI,32,19.1,3.3,0.45299999999999996,2.1,0.2,0.6,2.2,1.2,9.5,15.2,0.633,1.1,0.6,1.7,0.3,-0.6,-0.3,0.3
360,Thanasis Antetokounmpo,1445697,1701593,27,MIL,18,5.2,0.4,0.0,1.1,0.1,0.3,0.5,0.6,2.5,14.2,0.528,0.0,0.2,0.2,-4.0,1.7,-2.3,0.0
361,Amile Jefferson,1445697,0,26,ORL,18,4.1,0.0,0.0,1.3,0.2,0.1,0.2,0.2,0.8,8.9,0.37200000000000005,0.0,0.1,0.0,-4.9,-1.0,-5.9,-0.1
362,Theo Pinson,1445697,1701593,24,BRK,33,11.1,2.4,0.188,1.6,0.1,0.5,1.7,1.0,3.6,5.2,0.37,-1.0,0.5,-0.6,-6.9,-0.2,-7.1,-0.5
363,Brad Wanamaker,1445697,0,30,BOS,63,19.3,1.4,0.36700000000000005,2.0,0.2,0.8,2.5,1.1,6.6,11.8,0.56,1.2,1.5,2.7,-2.5,1.2,-1.3,0.2
364,Derrick Walton,1445697,0,24,TOT,26,9.5,0.9,0.41700000000000004,0.6,0.0,0.3,1.0,0.2,2.0,8.7,0.617,0.4,0.2,0.6,-2.3,1.3,-1.1,0.1
365,Ryan Broekhoff,1443842,0,29,DAL,17,10.6,3.0,0.392,2.5,0.2,0.3,0.6,0.4,4.2,13.1,0.568,0.2,0.2,0.4,0.4,0.4,0.9,0.1
366,Isaac Bonga,1416852,1663861,20,WAS,58,17.7,0.9,0.4,3.2,0.4,0.6,1.1,0.7,4.6,10.7,0.627,1.3,0.4,1.7,-2.4,0.0,-2.4,-0.1
367,Chimezie Metu,1416852,1663861,22,SAS,16,4.6,0.1,0.0,1.6,0.3,0.1,0.4,0.3,2.9,25.4,0.597,0.2,0.1,0.2,3.8,-0.8,3.0,0.1
368,Jevon Carter,1416852,0,24,PHO,50,15.1,2.3,0.39299999999999996,2.0,0.3,0.8,1.3,0.6,4.6,10.4,0.535,0.3,0.7,1.1,-1.6,1.0,-0.6,0.3
369,Elie Okobo,1416852,1663861,22,PHO,54,13.1,1.3,0.35200000000000004,1.6,0.1,0.4,2.1,0.7,4.0,10.5,0.511,0.4,0.5,0.9,-2.0,-0.1,-2.1,0.0
370,Melvin Frazier,1416852,1663861,23,ORL,15,3.4,0.5,0.5710000000000001,0.3,0.1,0.3,0.1,0.2,1.2,7.5,0.48,-0.1,0.1,0.0,-6.0,1.5,-4.5,0.0
371,Deonte Burton,1416852,1663861,26,OKC,34,8.4,1.4,0.217,1.4,0.3,0.1,0.3,0.4,2.8,5.9,0.426,-0.6,0.3,-0.3,-5.5,-0.4,-5.8,-0.3
372,Hamidou Diallo,1416852,1663861,21,OKC,38,18.4,0.9,0.2,3.2,0.2,0.7,0.6,1.0,6.1,8.4,0.488,-0.6,0.8,0.2,-5.0,0.3,-4.8,-0.5
373,Kenrich Williams,1416852,0,25,NOP,35,22.3,2.7,0.26,5.1,0.6,0.7,1.5,0.6,3.8,7.6,0.43,0.1,0.8,0.8,-3.3,1.0,-2.3,-0.1
374,Jarred Vanderbilt,1416852,1663861,20,TOT,11,4.2,0.1,0.0,0.8,0.1,0.3,0.2,0.6,1.1,7.6,0.6759999999999999,-0.1,0.1,0.0,-6.6,0.6,-5.9,0.0
375,Duncan Robinson,1416852,1663861,25,MIA,65,30.0,8.4,0.44799999999999995,3.3,0.2,0.5,1.4,0.9,13.3,12.8,0.6779999999999999,3.2,1.5,4.7,1.2,-0.9,0.3,1.1
376,Kendrick Nunn,1416852,1663861,24,MIA,62,29.8,5.8,0.36200000000000004,2.7,0.2,0.8,3.4,1.6,15.6,13.5,0.545,1.0,1.4,2.4,-0.7,-1.3,-2.0,0.0
377,De'Anthony Melton,1416852,0,21,MEM,52,19.4,2.3,0.316,3.7,0.3,1.3,3.0,1.5,8.1,14.6,0.525,0.4,1.4,1.8,-1.6,1.8,0.3,0.6
378,Alize Johnson,1416852,0,23,IND,13,4.2,0.0,0.0,1.4,0.0,0.0,0.2,0.2,1.4,10.8,0.51,0.0,0.1,0.1,-3.2,-1.6,-4.8,0.0
379,Isaiah Hartenstein,1416852,1663861,21,HOU,23,11.6,0.2,0.0,3.9,0.5,0.4,0.8,0.7,4.7,18.7,0.674,0.7,0.4,1.1,-0.9,1.3,0.4,0.2
380,Sviatoslav Mykhailiuk,1416852,1663861,22,DET,56,22.6,5.1,0.40399999999999997,1.9,0.1,0.7,1.9,1.1,9.0,11.2,0.578,1.0,0.6,1.6,-0.7,-1.2,-1.8,0.0
381,Bruce Brown,1416852,1663861,23,DET,58,28.2,1.7,0.344,4.7,0.5,1.1,4.0,1.7,8.9,11.9,0.518,0.8,1.4,2.1,-2.0,0.8,-1.2,0.3
382,Keita Bates-Diop,1416852,1663861,24,TOT,39,17.1,2.4,0.33,2.9,0.5,0.4,0.8,0.4,6.6,12.6,0.541,0.6,0.5,1.1,-0.8,-0.1,-0.8,0.2
383,Devonte' Graham,1416852,1663861,24,CHO,63,35.1,9.3,0.373,3.4,0.2,1.0,7.5,2.9,18.2,15.8,0.537,2.5,0.9,3.4,2.6,-2.1,0.5,1.4
384,Jalen Brunson,1416582,1663861,23,DAL,57,17.9,2.1,0.358,2.4,0.1,0.4,3.3,1.2,8.2,15.0,0.5529999999999999,1.6,0.7,2.3,0.1,-0.9,-0.8,0.3
385,Bruno Fernando,1400000,1517981,21,ATL,56,12.7,0.7,0.135,3.5,0.3,0.3,0.9,0.8,4.3,11.9,0.542,0.4,0.4,0.8,-3.2,-1.0,-4.1,-0.4
386,Jaylen Nowell,1400000,1517981,20,MIN,15,10.1,1.7,0.115,0.9,0.1,0.2,1.3,0.2,3.8,10.5,0.47100000000000003,0.1,0.0,0.2,-2.9,-0.8,-3.7,-0.1
387,Alfonzo McKinnie,1361046,1762796,27,CLE,40,14.8,1.6,0.215,2.8,0.2,0.6,0.4,0.7,4.6,8.7,0.493,-0.2,0.3,0.2,-4.4,-0.9,-5.3,-0.5
388,Carsen Edwards,1228026,1517981,21,BOS,35,9.0,1.9,0.309,1.2,0.1,0.3,0.6,0.4,3.0,6.5,0.446,-0.3,0.4,0.1,-4.6,-0.3,-4.9,-0.2
389,Cody Martin,1173310,1517981,24,CHO,48,18.8,1.6,0.23399999999999999,3.3,0.2,0.8,2.0,0.9,5.0,10.5,0.505,0.2,0.8,1.0,-3.1,1.0,-2.1,0.0
390,Terance Mann,1000000,1517984,23,LAC,35,7.7,0.3,0.25,0.9,0.1,0.2,1.1,0.4,1.6,7.1,0.47200000000000003,0.0,0.3,0.3,-4.7,1.2,-3.5,-0.1
391,Admiral Schofield,898310,1517981,22,WAS,27,10.9,1.7,0.298,1.3,0.1,0.3,0.5,0.3,3.1,6.8,0.514,0.1,0.0,0.1,-4.2,-1.1,-5.3,-0.2
392,KZ Okpala,898310,1517981,20,MIA,5,5.2,0.2,0.0,1.0,0.2,0.4,0.2,0.2,1.4,13.7,0.595,0.0,0.0,0.1,-1.2,4.0,2.7,0.0
393,Eric Paschall,898310,1517981,23,GSW,60,27.6,2.2,0.287,4.6,0.2,0.5,2.1,1.6,14.0,14.5,0.5710000000000001,1.6,0.5,2.1,-0.7,-2.0,-2.7,-0.3
394,Nicolas Claxton,898310,1517981,20,BRK,15,12.5,0.5,0.14300000000000002,2.9,0.5,0.1,1.1,0.6,4.4,14.9,0.5770000000000001,0.3,0.2,0.5,-0.7,0.0,-0.7,0.1
395,Justin James,898310,1517981,23,SAC,34,6.4,0.8,0.34600000000000003,0.9,0.3,0.2,0.5,0.2,2.5,11.5,0.48700000000000004,0.0,0.2,0.2,-1.0,0.2,-0.7,0.1
396,Jalen Lecque,898310,1517981,19,PHO,4,6.5,1.0,0.0,0.0,0.0,0.0,0.5,0.3,2.5,5.0,0.46,0.0,0.0,0.0,-5.7,-3.6,-9.3,0.0
397,Ignas Brazdeikis,898310,1517981,21,NYK,9,5.9,1.0,0.111,0.6,0.1,0.0,0.4,0.2,1.9,3.3,0.35100000000000003,-0.1,0.0,-0.1,-5.0,-3.9,-8.9,-0.1
398,Talen Horton-Tucker,898310,1517981,19,LAL,2,2.5,0.5,0.0,0.0,0.0,0.5,1.0,0.0,0.0,14.8,0.0,0.0,0.0,0.0,0.6,7.2,7.8,0.0
399,Daniel Gafford,898310,1517981,21,CHI,43,14.2,0.0,0.0,2.5,1.3,0.3,0.5,0.7,5.1,16.2,0.6859999999999999,1.1,0.8,1.8,-2.8,1.5,-1.3,0.1
400,Alen SmailagiÃ„â€¡,898310,1517981,19,GSW,14,9.9,0.9,0.231,1.9,0.3,0.2,0.9,0.8,4.2,14.5,0.61,0.2,0.1,0.2,-1.3,-0.8,-2.1,0.0
401,Matt Thomas,898310,1517981,25,TOR,33,9.7,2.3,0.467,1.5,0.0,0.2,0.5,0.4,4.5,13.6,0.65,0.5,0.4,0.9,1.0,0.4,1.4,0.3
402,Miye Oni,898310,1517981,22,UTA,5,2.2,0.2,0.0,0.4,0.0,0.0,0.0,0.2,0.0,-9.9,0.0,-0.1,0.0,-0.1,-12.7,-4.6,-17.3,0.0
403,Dewan Hernandez,898310,1517981,23,TOR,4,2.8,0.3,0.0,1.8,0.0,0.3,0.0,0.3,1.0,4.2,0.34,0.0,0.0,0.0,-18.3,-3.0,-21.3,-0.1
404,Terence Davis,898310,1517981,22,TOR,64,17.0,3.5,0.396,3.4,0.2,0.5,1.7,1.0,7.7,14.5,0.598,1.4,1.6,3.0,0.7,0.6,1.3,0.9
405,Wenyen Gabriel,898310,0,22,TOT,28,7.5,0.7,0.3,1.6,0.2,0.4,0.3,0.6,2.1,9.6,0.547,0.0,0.2,0.2,-3.9,0.0,-3.9,-0.1
406,Naz Reid,898310,1517981,20,MIN,30,16.5,3.2,0.33,4.1,0.7,0.6,1.2,0.7,9.0,15.3,0.505,0.2,0.6,0.8,-1.6,-0.3,-1.9,0.0
407,Jalen McDaniels,898310,1517981,22,CHO,16,18.3,1.5,0.375,4.1,0.2,0.5,0.8,0.7,5.6,10.7,0.574,0.2,0.2,0.5,-3.3,0.0,-3.3,-0.1
408,Caleb Martin,898310,1517981,24,CHO,18,17.6,2.1,0.541,2.1,0.4,0.7,1.3,0.8,6.2,12.0,0.595,0.3,0.2,0.5,-1.6,0.5,-1.0,0.1
409,Shaquille Harrison,898310,0,26,CHI,43,11.3,1.0,0.381,2.0,0.4,0.8,1.1,0.4,4.9,17.8,0.5589999999999999,0.8,0.8,1.5,0.4,2.4,2.8,0.6
410,Javonte Green,898310,1517981,26,BOS,44,9.4,0.5,0.261,1.8,0.2,0.5,0.5,0.4,2.9,12.3,0.5579999999999999,0.3,0.7,1.0,-2.4,1.8,-0.6,0.1
411,Damion Lee,842327,1762796,27,GSW,49,29.0,4.9,0.35600000000000004,4.9,0.1,1.0,2.7,1.4,12.7,12.7,0.5479999999999999,0.9,0.8,1.7,-1.5,-0.8,-2.3,-0.1
412,Khyri Thomas,838464,1663861,23,DET,8,7.6,1.8,0.35700000000000004,0.1,0.0,0.4,0.4,0.4,2.1,3.2,0.45299999999999996,-0.1,0.0,0.0,-6.1,-1.8,-7.9,-0.1
413,Marquese Chriss,758804,0,22,GSW,59,20.3,0.7,0.205,6.2,1.1,0.7,1.9,1.3,9.3,19.4,0.604,2.1,1.3,3.4,0.1,0.5,0.6,0.8
414,Juwan Morgan,746054,0,22,UTA,16,4.6,0.3,0.2,1.2,0.1,0.0,0.1,0.2,1.2,8.8,0.5589999999999999,0.0,0.1,0.1,-2.9,-0.4,-3.3,0.0
415,Gary Clark,708426,0,25,TOT,35,12.1,2.5,0.326,2.4,0.4,0.1,0.4,0.1,3.2,10.3,0.534,0.5,0.4,0.9,-1.1,-1.1,-2.2,0.0
416,TimothÃƒÂ© Luwawu-Cabarrot,654468,1824003,24,BRK,39,17.2,2.8,0.358,2.3,0.2,0.4,0.6,0.8,6.3,8.9,0.563,0.4,0.6,1.0,-3.0,-0.2,-3.2,-0.2
417,Rayjon Tucker,578573,1517981,22,UTA,14,5.6,0.4,0.0,0.9,0.0,0.1,0.1,0.2,1.4,4.5,0.44799999999999995,-0.1,0.1,0.0,-6.7,-1.2,-7.9,-0.1
418,Chris Clemons,568422,1517981,22,HOU,29,8.7,3.2,0.35100000000000003,0.8,0.2,0.2,0.8,0.6,4.9,12.6,0.546,0.1,0.2,0.2,0.4,-1.7,-1.3,0.1
419,Brandon Goodwin,522738,1701593,24,ATL,34,12.6,2.6,0.299,2.1,0.1,0.4,1.5,0.9,6.1,11.7,0.507,-0.1,0.2,0.1,-1.5,-1.3,-2.9,-0.1
420,AnÃ…Â¾ejs PaseÃ„ÂÃ…â€ iks,482144,0,24,WAS,24,16.9,0.1,0.0,4.1,0.5,0.3,0.7,0.9,6.0,11.6,0.555,0.3,0.2,0.5,-3.8,-1.6,-5.4,-0.3
421,Chris Silva,466918,1517981,23,MIA,41,7.5,0.0,0.0,2.7,0.4,0.2,0.5,0.8,2.9,17.2,0.6629999999999999,0.7,0.5,1.1,-3.4,0.9,-2.5,0.0
422,Iman Shumpert,419443,0,29,BRK,13,18.5,2.5,0.242,2.6,0.2,0.9,0.9,0.8,4.2,5.3,0.40299999999999997,-0.3,0.3,0.0,-6.4,0.8,-5.6,-0.2
423,Max Strus,415414,0,23,CHI,2,3.0,0.5,0.0,0.5,0.0,0.0,0.0,0.0,2.5,30.7,0.727,0.0,0.0,0.0,5.4,-1.0,4.4,0.0
424,Justin Robinson,395866,0,22,WAS,9,5.4,0.6,0.6,0.6,0.1,0.0,0.8,0.3,1.4,8.2,0.542,0.0,0.0,0.0,-2.6,-3.1,-5.7,0.0
425,Norvel Pelle,350189,0,26,PHI,20,8.9,0.0,0.0,3.0,1.3,0.1,0.4,0.7,2.1,11.2,0.521,-0.1,0.4,0.3,-7.1,3.1,-4.1,-0.1
426,Ky Bowman,350189,1517981,22,GSW,45,22.6,2.4,0.308,2.7,0.2,1.0,2.9,1.6,7.4,9.2,0.494,-0.6,0.6,-0.1,-4.0,-0.3,-4.3,-0.6
427,Juan Toscano-Anderson,350189,1517981,26,GSW,13,20.9,1.8,0.348,4.0,0.4,1.0,2.0,1.2,5.3,9.4,0.529,-0.1,0.2,0.2,-3.9,0.4,-3.5,-0.1
428,Stanton Kidd,250000,0,27,UTA,4,3.8,0.3,0.0,0.8,0.0,0.0,0.3,0.5,0.0,-13.7,0.0,-0.1,0.0,-0.1,-15.6,-1.3,-16.9,-0.1
429,Mychal Mulder,187782,1517981,25,GSW,7,29.1,7.4,0.308,3.3,0.1,0.3,1.1,0.7,11.0,7.8,0.5329999999999999,0.1,0.0,0.1,-3.3,-2.9,-6.1,-0.2
430,Joe Chealey,163356,0,24,CHO,4,8.3,1.0,0.0,0.0,0.0,1.0,0.3,0.5,0.5,-2.8,0.127,-0.2,0.0,-0.1,-14.3,1.7,-12.6,-0.1
431,Johnathan Williams,106181,0,24,WAS,11,12.3,0.2,0.0,3.9,0.5,0.1,0.5,0.4,3.2,14.4,0.643,0.3,0.1,0.3,-0.5,-1.3,-1.8,0.0
432,Tyler Cook,101504,0,22,CLE,11,3.2,0.0,0.0,0.9,0.0,0.1,0.1,0.1,1.7,23.8,0.752,0.2,0.0,0.2,3.0,-0.6,2.4,0.0
433,Donta Hall,101504,0,22,DET,4,12.0,0.0,0.0,3.8,0.3,0.3,0.5,0.5,1.5,7.3,0.452,0.0,0.0,0.1,-5.6,-1.4,-7.1,-0.1
434,Justin Anderson,98144,0,26,BRK,3,5.7,1.0,0.0,0.7,0.3,0.0,0.0,0.0,1.0,-3.8,0.218,-0.1,0.0,-0.1,-12.8,-2.3,-15.1,-0.1
435,Jeremy Pargo,91557,0,33,GSW,3,14.7,2.3,0.429,1.0,0.0,0.3,2.7,1.3,8.3,12.7,0.557,0.0,0.0,0.0,-2.8,-3.1,-5.9,0.0
436,Chasson Randle,91557,0,26,GSW,3,13.3,0.7,0.0,0.7,0.0,0.7,1.7,0.0,1.7,6.7,0.377,0.0,0.0,0.0,-5.9,0.1,-5.8,0.0
437,Josh Magette,81678,0,30,ORL,8,4.8,0.5,0.25,0.8,0.1,0.4,0.6,0.6,1.5,5.1,0.37799999999999995,-0.2,0.1,-0.1,-8.0,1.6,-6.4,0.0
438,Jarrod Uthoff,81678,0,26,MEM,4,3.5,1.0,0.0,0.3,0.0,0.3,0.0,0.0,1.0,-0.1,0.254,-0.1,0.0,0.0,-11.0,-2.5,-13.5,0.0
439,Dusty Hannahs,81678,0,26,MEM,2,6.5,1.5,0.667,0.5,0.0,0.0,0.0,0.0,6.0,21.3,0.607,0.0,0.0,0.0,5.2,-2.1,3.1,0.0
440,J.P. Macura,81678,0,24,CLE,1,1.0,0.0,0.0,0.0,0.0,0.0,0.0,0.0,0.0,0.0,0.0,0.0,0.0,0.0,-5.1,-1.2,-6.3,0.0
441,Eric Mika,50752,0,25,SAC,1,19.0,0.0,0.0,7.0,0.0,0.0,0.0,0.0,6.0,14.0,0.773,0.1,0.0,0.1,-2.2,-0.9,-3.1,0.0
442,Zach Norvell,50752,0,22,TOT,5,8.2,1.6,0.375,1.2,0.0,0.4,0.6,0.6,2.0,2.6,0.402,-0.1,0.0,-0.1,-7.1,-1.2,-8.3,-0.1
443,Malik Newman,50752,0,22,CLE,1,4.0,1.0,0.0,0.0,0.0,0.0,0.0,1.0,2.0,-11.3,0.34700000000000003,0.0,0.0,0.0,-14.5,-11.3,-25.9,0.0
444,Marques Bolden,50752,0,21,CLE,1,3.0,0.0,0.0,2.0,0.0,1.0,0.0,0.0,0.0,19.8,0.0,0.0,0.0,0.0,-5.8,11.3,5.5,0.0
445,Paul Watson,50752,0,25,TOT,5,5.0,0.8,0.0,0.8,0.2,0.2,1.0,0.0,0.2,-0.5,0.055999999999999994,-0.1,0.0,-0.1,-8.0,0.8,-7.3,0.0
446,William Howard,50000,0,26,HOU,2,6.5,2.0,0.0,1.0,0.0,0.0,0.5,0.5,0.0,-12.7,0.0,-0.1,0.0,-0.1,-14.9,-5.7,-20.7,-0.1
